ts,device,co,humidity,light,lpg,motion,smoke,temp
1594512094,b8:27:eb:bf:9d:51,0.004955939,51,FALSE,0.007650822,FALSE,0.02041127,22.7
1594512095,00:0f:00:70:91:0a,0.002840089,76,FALSE,0.005114383,FALSE,0.013274837,19.70000076
1594512098,b8:27:eb:bf:9d:51,0.004976012,50.9,FALSE,0.007673227,FALSE,0.020475126,22.6
1594512100,1c:bf:ce:15:ec:4d,0.004403027,76.80000305,TRUE,0.007023337,FALSE,0.018628225,27
1594512102,b8:27:eb:bf:9d:51,0.004967364,50.9,FALSE,0.007663577,FALSE,0.020447621,22.6
1594512104,1c:bf:ce:15:ec:4d,0.004391004,77.90000153,TRUE,0.007009459,FALSE,0.018588908,27
1594512105,b8:27:eb:bf:9d:51,0.004976025,50.9,FALSE,0.007673242,FALSE,0.020475166,22.6
1594512107,00:0f:00:70:91:0a,0.002938116,76,FALSE,0.005241482,FALSE,0.013627521,19.70000076
1594512108,1c:bf:ce:15:ec:4d,0.004345471,77.90000153,TRUE,0.006956802,FALSE,0.018439782,27
1594512109,b8:27:eb:bf:9d:51,0.004970256,50.9,FALSE,0.007666805,FALSE,0.02045682,22.6
1594512113,b8:27:eb:bf:9d:51,0.004960209,50.9,FALSE,0.00765559,FALSE,0.020424858,22.6
1594512115,1c:bf:ce:15:ec:4d,0.004383044,78,TRUE,0.007000264,FALSE,0.018562862,27
1594512116,b8:27:eb:bf:9d:51,0.004971645,50.9,FALSE,0.007668355,FALSE,0.020461238,22.6
1594512119,1c:bf:ce:15:ec:4d,0.004451498,78,TRUE,0.007079184,FALSE,0.018786491,27
1594512120,b8:27:eb:bf:9d:51,0.004964565,50.9,FALSE,0.007660453,FALSE,0.020438717,22.6
1594512123,00:0f:00:70:91:0a,0.002905015,75.80000305,FALSE,0.005198697,FALSE,0.013508733,19.70000076
1594512124,b8:27:eb:bf:9d:51,0.004975983,50.9,FALSE,0.007673195,FALSE,0.020475034,22.6
1594512128,b8:27:eb:bf:9d:51,0.004960209,50.9,FALSE,0.00765559,FALSE,0.020424858,22.6
1594512129,1c:bf:ce:15:ec:4d,0.004439323,77.90000153,TRUE,0.007065172,FALSE,0.018746775,27
1594512131,b8:27:eb:bf:9d:51,0.004956119,50.9,FALSE,0.007651024,FALSE,0.020411845,22.6
1594512131,00:0f:00:70:91:0a,0.002938116,75.80000305,FALSE,0.005241482,FALSE,0.013627521,19.70000076
1594512134,1c:bf:ce:15:ec:4d,0.004391004,77.90000153,TRUE,0.007009459,FALSE,0.018588908,27
1594512135,b8:27:eb:bf:9d:51,0.00495173,50.8,FALSE,0.007646122,FALSE,0.020397876,22.6
1594512135,00:0f:00:70:91:0a,0.002840089,76,FALSE,0.005114383,FALSE,0.013274837,19.70000076
1594512139,b8:27:eb:bf:9d:51,0.004961647,50.9,FALSE,0.007657197,FALSE,0.020429436,22.6
1594512140,00:0f:00:70:91:0a,0.002840089,76,FALSE,0.005114383,FALSE,0.013274837,19.79999924
1594512140,1c:bf:ce:15:ec:4d,0.004381061,77.90000153,TRUE,0.006997973,FALSE,0.018556372,27
1594512142,b8:27:eb:bf:9d:51,0.004926209,50.9,FALSE,0.007617594,FALSE,0.020316591,22.6
1594512145,1c:bf:ce:15:ec:4d,0.004343508,78.30000305,TRUE,0.006954528,FALSE,0.018433343,27
1594512146,b8:27:eb:bf:9d:51,0.00494175,50.9,FALSE,0.007634971,FALSE,0.0203661,22.6
1594512149,00:0f:00:70:91:0a,0.002905015,75.90000153,FALSE,0.005198697,FALSE,0.013508733,19.70000076
1594512150,b8:27:eb:bf:9d:51,0.004960209,50.9,FALSE,0.00765559,FALSE,0.020424858,22.6
1594512152,1c:bf:ce:15:ec:4d,0.004391004,78.59999847,TRUE,0.007009459,FALSE,0.018588908,27
1594512153,00:0f:00:70:91:0a,0.002840089,76,FALSE,0.005114383,FALSE,0.013274837,19.79999924
1594512153,b8:27:eb:bf:9d:51,0.004913616,50.9,FALSE,0.007603501,FALSE,0.020276446,22.6
1594512157,b8:27:eb:bf:9d:51,0.00497454,50.9,FALSE,0.007671585,FALSE,0.020470444,22.7
1594512159,1c:bf:ce:15:ec:4d,0.004391004,78.30000305,TRUE,0.007009459,FALSE,0.018588908,27
1594512159,00:0f:00:70:91:0a,0.002872341,76,FALSE,0.005156333,FALSE,0.013391177,19.79999924
1594512161,b8:27:eb:bf:9d:51,0.004970285,50.9,FALSE,0.007666837,FALSE,0.020456911,22.7
1594512163,1c:bf:ce:15:ec:4d,0.004391004,78.19999695,TRUE,0.007009459,FALSE,0.018588908,27
1594512165,b8:27:eb:bf:9d:51,0.004975983,50.9,FALSE,0.007673195,FALSE,0.020475034,22.6
1594512167,00:0f:00:70:91:0a,0.002905015,75.90000153,FALSE,0.005198697,FALSE,0.013508733,19.70000076
1594512167,1c:bf:ce:15:ec:4d,0.004351369,78.19999695,TRUE,0.006963631,FALSE,0.018459116,27
1594512168,b8:27:eb:bf:9d:51,0.004941779,50.9,FALSE,0.007635003,FALSE,0.020366191,22.6
1594512172,b8:27:eb:bf:9d:51,0.004970256,50.9,FALSE,0.007666805,FALSE,0.02045682,22.6
1594512173,1c:bf:ce:15:ec:4d,0.004391004,78.40000153,TRUE,0.007009459,FALSE,0.018588908,27
1594512175,00:0f:00:70:91:0a,0.002872341,76,FALSE,0.005156333,FALSE,0.013391177,19.79999924
1594512176,b8:27:eb:bf:9d:51,0.004965923,50.9,FALSE,0.007661969,FALSE,0.020443038,22.6
1594512179,1c:bf:ce:15:ec:4d,0.004427186,78.69999695,TRUE,0.007051194,FALSE,0.018707159,27
1594512179,b8:27:eb:bf:9d:51,0.004954612,50.9,FALSE,0.007649341,FALSE,0.020407048,22.6
1594512181,00:0f:00:70:91:0a,0.002840089,75.90000153,FALSE,0.005114383,FALSE,0.013274837,19.70000076
1594512183,b8:27:eb:bf:9d:51,0.004988919,50.9,FALSE,0.00768762,FALSE,0.020516151,22.6
1594512185,1c:bf:ce:15:ec:4d,0.004357292,78.59999847,TRUE,0.006970487,FALSE,0.01847853,27
1594512185,00:0f:00:70:91:0a,0.002840089,76.19999695,FALSE,0.005114383,FALSE,0.013274837,19.79999924
1594512187,b8:27:eb:bf:9d:51,0.004967393,50.9,FALSE,0.007663609,FALSE,0.020447713,22.6
1594512189,1c:bf:ce:15:ec:4d,0.004383044,78.5,TRUE,0.007000264,FALSE,0.018562862,27
1594512190,b8:27:eb:bf:9d:51,0.004946006,50.9,FALSE,0.007639727,FALSE,0.020379652,22.6
1594512193,00:0f:00:70:91:0a,0.002905015,76.09999847,FALSE,0.005198697,FALSE,0.013508733,19.79999924
1594512194,b8:27:eb:bf:9d:51,0.004960424,50.9,FALSE,0.007655831,FALSE,0.020425543,22.6
1594512194,1c:bf:ce:15:ec:4d,0.004391004,78.40000153,TRUE,0.007009459,FALSE,0.018588908,27
1594512198,b8:27:eb:bf:9d:51,0.004946035,50.9,FALSE,0.007639759,FALSE,0.020379744,22.6
1594512199,1c:bf:ce:15:ec:4d,0.004395042,78.40000153,TRUE,0.007014121,FALSE,0.018602115,27
1594512200,00:0f:00:70:91:0a,0.002840089,76,FALSE,0.005114383,FALSE,0.013274837,19.79999924
1594512202,b8:27:eb:bf:9d:51,0.004986056,51,FALSE,0.007684428,FALSE,0.020507053,22.7
1594512205,b8:27:eb:bf:9d:51,0.004984649,51,FALSE,0.00768286,FALSE,0.020502582,22.7
1594512206,00:0f:00:70:91:0a,0.002880499,76,FALSE,0.005166923,FALSE,0.013420558,19.70000076
1594512206,1c:bf:ce:15:ec:4d,0.004391004,79.09999847,TRUE,0.007009459,FALSE,0.018588908,27
1594512209,b8:27:eb:bf:9d:51,0.004941779,51,FALSE,0.007635003,FALSE,0.020366191,22.7
1594512211,1c:bf:ce:15:ec:4d,0.004391004,78.19999695,TRUE,0.007009459,FALSE,0.018588908,27
1594512211,00:0f:00:70:91:0a,0.002905015,76,FALSE,0.005198697,FALSE,0.013508733,19.79999924
1594512213,b8:27:eb:bf:9d:51,0.00493755,50.9,FALSE,0.007630276,FALSE,0.020352724,22.7
1594512216,00:0f:00:70:91:0a,0.002840089,76.19999695,FALSE,0.005114383,FALSE,0.013274837,19.79999924
1594512216,b8:27:eb:bf:9d:51,0.004970256,50.9,FALSE,0.007666805,FALSE,0.02045682,22.6
1594512217,1c:bf:ce:15:ec:4d,0.004349402,78.30000305,TRUE,0.006961354,FALSE,0.018452669,27
1594512220,b8:27:eb:bf:9d:51,0.00494175,50.9,FALSE,0.007634971,FALSE,0.0203661,22.6
1594512220,1c:bf:ce:15:ec:4d,0.004359263,78.19999695,TRUE,0.006972767,FALSE,0.018484988,27
1594512223,00:0f:00:70:91:0a,0.002905015,76,FALSE,0.005198697,FALSE,0.013508733,19.70000076
1594512224,b8:27:eb:bf:9d:51,0.004926209,50.8,FALSE,0.007617594,FALSE,0.020316591,22.6
1594512226,1c:bf:ce:15:ec:4d,0.004451498,78.19999695,TRUE,0.007079184,FALSE,0.018786491,27
1594512227,00:0f:00:70:91:0a,0.002840089,76.19999695,FALSE,0.005114383,FALSE,0.013274837,19.79999924
1594512227,b8:27:eb:bf:9d:51,0.004964565,50.8,FALSE,0.007660453,FALSE,0.020438717,22.6
1594512231,b8:27:eb:bf:9d:51,0.004963087,50.8,FALSE,0.007658803,FALSE,0.020434015,22.6
1594512233,00:0f:00:70:91:0a,0.002872341,76,FALSE,0.005156333,FALSE,0.013391177,19.70000076
1594512234,1c:bf:ce:15:ec:4d,0.004451498,78.19999695,TRUE,0.007079184,FALSE,0.018786491,27
1594512235,b8:27:eb:bf:9d:51,0.004960361,50.9,FALSE,0.00765576,FALSE,0.020425342,22.6
1594512239,b8:27:eb:bf:9d:51,0.004966005,50.9,FALSE,0.007662061,FALSE,0.020443298,22.6
1594512239,00:0f:00:70:91:0a,0.002872341,76.09999847,FALSE,0.005156333,FALSE,0.013391177,19.79999924
1594512240,1c:bf:ce:15:ec:4d,0.004467861,78.19999695,TRUE,0.007097999,FALSE,0.01883983,27
1594512243,b8:27:eb:bf:9d:51,0.004976012,50.9,FALSE,0.007673227,FALSE,0.020475126,22.6
1594512244,00:0f:00:70:91:0a,0.002872341,76,FALSE,0.005156333,FALSE,0.013391177,19.79999924
1594512246,b8:27:eb:bf:9d:51,0.004999033,51,FALSE,0.007698891,FALSE,0.020548282,22.7
1594512247,1c:bf:ce:15:ec:4d,0.004439323,78.19999695,TRUE,0.007065172,FALSE,0.018746775,27
1594512248,00:0f:00:70:91:0a,0.002792826,76,FALSE,0.005052672,FALSE,0.013103809,19.79999924
1594512250,b8:27:eb:bf:9d:51,0.004927688,51,FALSE,0.007619248,FALSE,0.020321305,22.7
1594512253,00:0f:00:70:91:0a,0.002872341,76,FALSE,0.005156333,FALSE,0.013391177,19.70000076
1594512254,b8:27:eb:bf:9d:51,0.004965923,51,FALSE,0.007661969,FALSE,0.020443038,22.7
1594512254,1c:bf:ce:15:ec:4d,0.004459671,78,TRUE,0.007088583,FALSE,0.018813138,27
1594512257,b8:27:eb:bf:9d:51,0.004951806,51,FALSE,0.007646207,FALSE,0.020398118,22.6
1594512258,00:0f:00:70:91:0a,0.002840089,76.09999847,FALSE,0.005114383,FALSE,0.013274837,19.79999924
1594512259,1c:bf:ce:15:ec:4d,0.004427186,78,TRUE,0.007051194,FALSE,0.018707159,27
1594512261,b8:27:eb:bf:9d:51,0.004951673,51,FALSE,0.007646058,FALSE,0.020397693,22.6
1594512264,00:0f:00:70:91:0a,0.002840089,76.09999847,FALSE,0.005114383,FALSE,0.013274837,19.70000076
1594512265,b8:27:eb:bf:9d:51,0.00494175,51,FALSE,0.007634971,FALSE,0.0203661,22.7
1594512268,b8:27:eb:bf:9d:51,0.004946035,51,FALSE,0.007639759,FALSE,0.020379744,22.6
1594512269,1c:bf:ce:15:ec:4d,0.004391004,78,TRUE,0.007009459,FALSE,0.018588908,27
1594512269,00:0f:00:70:91:0a,0.002840089,76.09999847,FALSE,0.005114383,FALSE,0.013274837,19.70000076
1594512272,b8:27:eb:bf:9d:51,0.004980273,51,FALSE,0.00767798,FALSE,0.020488672,22.7
1594512273,00:0f:00:70:91:0a,0.002840089,76.09999847,FALSE,0.005114383,FALSE,0.013274837,19.70000076
1594512274,1c:bf:ce:15:ec:4d,0.004439323,78,TRUE,0.007065172,FALSE,0.018746775,27
1594512276,b8:27:eb:bf:9d:51,0.004987461,51,FALSE,0.007685995,FALSE,0.02051152,22.7
1594512277,00:0f:00:70:91:0a,0.002840089,76.09999847,FALSE,0.005114383,FALSE,0.013274837,19.79999924
1594512279,1c:bf:ce:15:ec:4d,0.004359263,77.90000153,TRUE,0.006972767,FALSE,0.018484988,27
1594512279,b8:27:eb:bf:9d:51,0.004991805,51,FALSE,0.007690836,FALSE,0.02052532,22.6
1594512283,00:0f:00:70:91:0a,0.002840089,76.09999847,FALSE,0.005114383,FALSE,0.013274837,19.70000076
1594512283,b8:27:eb:bf:9d:51,0.004943183,51,FALSE,0.007636572,FALSE,0.020370662,22.6
1594512284,1c:bf:ce:15:ec:4d,0.004391004,77.90000153,TRUE,0.007009459,FALSE,0.018588908,27
1594512287,b8:27:eb:bf:9d:51,0.004961647,51,FALSE,0.007657197,FALSE,0.020429436,22.7
1594512290,00:0f:00:70:91:0a,0.002840089,76.09999847,FALSE,0.005114383,FALSE,0.013274837,19.79999924
1594512290,b8:27:eb:bf:9d:51,0.004975983,51,FALSE,0.007673195,FALSE,0.020475034,22.7
1594512291,1c:bf:ce:15:ec:4d,0.004391004,78,TRUE,0.007009459,FALSE,0.018588908,27
1594512294,b8:27:eb:bf:9d:51,0.004967364,51,FALSE,0.007663577,FALSE,0.020447621,22.7
1594512294,00:0f:00:70:91:0a,0.002792826,76.19999695,FALSE,0.005052672,FALSE,0.013103809,19.79999924
1594512297,1c:bf:ce:15:ec:4d,0.004391004,77.90000153,TRUE,0.007009459,FALSE,0.018588908,27
1594512298,b8:27:eb:bf:9d:51,0.004963087,51,FALSE,0.007658803,FALSE,0.020434015,22.6
1594512299,00:0f:00:70:91:0a,0.002840089,76.19999695,FALSE,0.005114383,FALSE,0.013274837,19.70000076
1594512302,b8:27:eb:bf:9d:51,0.004990409,51,FALSE,0.007689281,FALSE,0.020520886,22.6
1594512303,00:0f:00:70:91:0a,0.002840089,76.19999695,FALSE,0.005114383,FALSE,0.013274837,19.79999924
1594512305,b8:27:eb:bf:9d:51,0.004965923,51,FALSE,0.007661969,FALSE,0.020443038,22.7
1594512309,b8:27:eb:bf:9d:51,0.004947492,51,FALSE,0.007641387,FALSE,0.020384384,22.6
1594512310,1c:bf:ce:15:ec:4d,0.004451498,77.90000153,TRUE,0.007079184,FALSE,0.018786491,27
1594512310,00:0f:00:70:91:0a,0.002840089,76.90000153,FALSE,0.005114383,FALSE,0.013274837,19.79999924
1594512313,b8:27:eb:bf:9d:51,0.004997519,50.9,FALSE,0.007697204,FALSE,0.020543474,22.6
1594512315,00:0f:00:70:91:0a,0.002840089,76.19999695,FALSE,0.005114383,FALSE,0.013274837,19.79999924
1594512316,b8:27:eb:bf:9d:51,0.005000431,50.9,FALSE,0.007700449,FALSE,0.020552724,22.6
1594512319,00:0f:00:70:91:0a,0.002840089,76.19999695,FALSE,0.005114383,FALSE,0.013274837,19.70000076
1594512320,b8:27:eb:bf:9d:51,0.004991805,51,FALSE,0.007690836,FALSE,0.02052532,22.7
1594512322,1c:bf:ce:15:ec:4d,0.004349402,77.80000305,TRUE,0.006961354,FALSE,0.018452669,27
1594512324,b8:27:eb:bf:9d:51,0.004943235,51,FALSE,0.00763663,FALSE,0.020370828,22.7
1594512325,00:0f:00:70:91:0a,0.002840089,76.19999695,FALSE,0.005114383,FALSE,0.013274837,19.70000076
1594512327,b8:27:eb:bf:9d:51,0.004993254,51,FALSE,0.007692451,FALSE,0.020529925,22.7
1594512331,1c:bf:ce:15:ec:4d,0.004451498,77.80000305,TRUE,0.007079184,FALSE,0.018786491,27
1594512331,b8:27:eb:bf:9d:51,0.004990367,51,FALSE,0.007689234,FALSE,0.020520753,22.7
1594512335,b8:27:eb:bf:9d:51,0.005000431,51,FALSE,0.007700449,FALSE,0.020552724,22.7
1594512335,00:0f:00:70:91:0a,0.002872341,76.40000153,FALSE,0.005156333,FALSE,0.013391177,19.70000076
1594512336,1c:bf:ce:15:ec:4d,0.004333721,77.80000305,TRUE,0.006943189,FALSE,0.018401241,27
1594512338,b8:27:eb:bf:9d:51,0.004997519,51,FALSE,0.007697204,FALSE,0.020543474,22.7
1594512339,00:0f:00:70:91:0a,0.002840089,76.30000305,FALSE,0.005114383,FALSE,0.013274837,19.70000076
1594512341,1c:bf:ce:15:ec:4d,0.004415088,77.80000305,TRUE,0.007037249,FALSE,0.018667642,27
1594512342,b8:27:eb:bf:9d:51,0.005006241,51,FALSE,0.007706919,FALSE,0.020571173,22.7
1594512346,b8:27:eb:bf:9d:51,0.005014938,51,FALSE,0.007716603,FALSE,0.020598783,22.7
1594512349,1c:bf:ce:15:ec:4d,0.004306515,78.90000153,TRUE,0.00691163,FALSE,0.018311911,27
1594512350,b8:27:eb:bf:9d:51,0.005026604,51,FALSE,0.007729584,FALSE,0.0206358,22.7
1594512350,00:0f:00:70:91:0a,0.002905015,76.09999847,FALSE,0.005198697,FALSE,0.013508733,19.70000076
1594512353,b8:27:eb:bf:9d:51,0.004991763,51,FALSE,0.00769079,FALSE,0.020525187,22.7
1594512355,1c:bf:ce:15:ec:4d,0.004451498,77.90000153,TRUE,0.007079184,FALSE,0.018786491,27
1594512356,00:0f:00:70:91:0a,0.002840089,76.09999847,FALSE,0.005114383,FALSE,0.013274837,19.79999924
1594512357,b8:27:eb:bf:9d:51,0.004990367,51,FALSE,0.007689234,FALSE,0.020520753,22.7
1594512359,1c:bf:ce:15:ec:4d,0.004415088,77.90000153,TRUE,0.007037249,FALSE,0.018667642,27
1594512360,00:0f:00:70:91:0a,0.002840089,76.09999847,FALSE,0.005114383,FALSE,0.013274837,19.70000076
1594512361,b8:27:eb:bf:9d:51,0.004981719,51,FALSE,0.007679592,FALSE,0.020493267,22.7
1594512364,b8:27:eb:bf:9d:51,0.005039661,51,FALSE,0.007744104,FALSE,0.020677211,22.6
1594512365,00:0f:00:70:91:0a,0.002792826,76.09999847,FALSE,0.005052672,FALSE,0.013103809,19.70000076
1594512366,1c:bf:ce:15:ec:4d,0.004517441,77.90000153,TRUE,0.007154892,FALSE,0.01900118,27
1594512368,b8:27:eb:bf:9d:51,0.004967364,51,FALSE,0.007663577,FALSE,0.020447621,22.6
1594512369,00:0f:00:70:91:0a,0.002840089,76.09999847,FALSE,0.005114383,FALSE,0.013274837,19.70000076
1594512371,1c:bf:ce:15:ec:4d,0.004451498,78,TRUE,0.007079184,FALSE,0.018786491,27
1594512372,b8:27:eb:bf:9d:51,0.004980273,51,FALSE,0.00767798,FALSE,0.020488672,22.6
1594512375,b8:27:eb:bf:9d:51,0.004965923,51,FALSE,0.007661969,FALSE,0.020443038,22.6
1594512379,b8:27:eb:bf:9d:51,0.005000431,51,FALSE,0.007700449,FALSE,0.020552724,22.7
1594512381,00:0f:00:70:91:0a,0.002840089,76,FALSE,0.005114383,FALSE,0.013274837,19.79999924
1594512383,b8:27:eb:bf:9d:51,0.004999062,51,FALSE,0.007698923,FALSE,0.020548375,22.7
1594512385,1c:bf:ce:15:ec:4d,0.004391004,78,TRUE,0.007009459,FALSE,0.018588908,27
1594512386,00:0f:00:70:91:0a,0.002840089,76.19999695,FALSE,0.005114383,FALSE,0.013274837,19.79999924
1594512387,b8:27:eb:bf:9d:51,0.004971645,51,FALSE,0.007668355,FALSE,0.020461238,22.7
1594512389,1c:bf:ce:15:ec:4d,0.004341545,78,TRUE,0.006952255,FALSE,0.018426906,27
1594512390,b8:27:eb:bf:9d:51,0.004958991,51,FALSE,0.007654231,FALSE,0.020420984,22.7
1594512392,00:0f:00:70:91:0a,0.002840089,76,FALSE,0.005114383,FALSE,0.013274837,19.70000076
1594512394,b8:27:eb:bf:9d:51,0.005006199,51,FALSE,0.007706873,FALSE,0.02057104,22.7
1594512396,1c:bf:ce:15:ec:4d,0.004459671,78.19999695,TRUE,0.007088583,FALSE,0.018813138,27
1594512397,00:0f:00:70:91:0a,0.002880499,76,FALSE,0.005166923,FALSE,0.013420558,19.70000076
1594512398,b8:27:eb:bf:9d:51,0.004981719,51,FALSE,0.007679592,FALSE,0.020493267,22.7
1594512399,1c:bf:ce:15:ec:4d,0.004492535,78.19999695,TRUE,0.007126334,FALSE,0.018920179,27
1594512401,00:0f:00:70:91:0a,0.002840089,76,FALSE,0.005114383,FALSE,0.013274837,19.70000076
1594512401,b8:27:eb:bf:9d:51,0.004986109,51,FALSE,0.007684487,FALSE,0.020507221,22.7
1594512404,1c:bf:ce:15:ec:4d,0.004439323,78.30000305,TRUE,0.007065172,FALSE,0.018746775,27.10000038
1594512405,b8:27:eb:bf:9d:51,0.004987503,51,FALSE,0.007686042,FALSE,0.020511652,22.7
1594512408,00:0f:00:70:91:0a,0.002840089,76,FALSE,0.005114383,FALSE,0.013274837,19.79999924
1594512409,b8:27:eb:bf:9d:51,0.004970256,51,FALSE,0.007666805,FALSE,0.02045682,22.7
1594512409,1c:bf:ce:15:ec:4d,0.004318122,78.19999695,TRUE,0.006925101,FALSE,0.018350039,27
1594512412,b8:27:eb:bf:9d:51,0.005003324,51,FALSE,0.007703672,FALSE,0.020561913,22.7
1594512413,00:0f:00:70:91:0a,0.002792826,75.80000305,FALSE,0.005052672,FALSE,0.013103809,19.79999924
1594512415,1c:bf:ce:15:ec:4d,0.004291028,78.09999847,TRUE,0.006893641,FALSE,0.018261005,27
1594512416,b8:27:eb:bf:9d:51,0.004999033,51,FALSE,0.007698891,FALSE,0.020548282,22.7
1594512419,1c:bf:ce:15:ec:4d,0.004341545,78.19999695,TRUE,0.006952255,FALSE,0.018426906,27.10000038
1594512420,b8:27:eb:bf:9d:51,0.004966005,51.1,FALSE,0.007662061,FALSE,0.020443298,22.7
1594512423,b8:27:eb:bf:9d:51,0.004965923,51.1,FALSE,0.007661969,FALSE,0.020443038,22.7
1594512424,00:0f:00:70:91:0a,0.002840089,75.40000153,FALSE,0.005114383,FALSE,0.013274837,19.79999924
1594512425,1c:bf:ce:15:ec:4d,0.004459671,78.09999847,TRUE,0.007088583,FALSE,0.018813138,27
1594512427,b8:27:eb:bf:9d:51,0.004997519,51.1,FALSE,0.007697204,FALSE,0.020543474,22.7
1594512431,1c:bf:ce:15:ec:4d,0.004341545,78.09999847,TRUE,0.006952255,FALSE,0.018426906,27
1594512431,b8:27:eb:bf:9d:51,0.004990396,51,FALSE,0.007689266,FALSE,0.020520845,22.7
1594512433,00:0f:00:70:91:0a,0.002840089,75.5,FALSE,0.005114383,FALSE,0.013274837,19.79999924
1594512434,b8:27:eb:bf:9d:51,0.005006199,51,FALSE,0.007706873,FALSE,0.02057104,22.7
1594512438,00:0f:00:70:91:0a,0.002840089,75.59999847,FALSE,0.005114383,FALSE,0.013274837,19.79999924
1594512438,b8:27:eb:bf:9d:51,0.004993256,51.1,FALSE,0.007692454,FALSE,0.020529932,22.7
1594512442,b8:27:eb:bf:9d:51,0.005004798,51.1,FALSE,0.007705313,FALSE,0.020566593,22.7
1594512446,b8:27:eb:bf:9d:51,0.005013474,51,FALSE,0.007714973,FALSE,0.020594137,22.6
1594512446,00:0f:00:70:91:0a,0.002840089,75.59999847,FALSE,0.005114383,FALSE,0.013274837,19.79999924
1594512447,1c:bf:ce:15:ec:4d,0.004351369,78.09999847,TRUE,0.006963631,FALSE,0.018459116,27
1594512449,b8:27:eb:bf:9d:51,0.005014896,51.1,FALSE,0.007716556,FALSE,0.02059865,22.7
1594512449,00:0f:00:70:91:0a,0.002840089,75.59999847,FALSE,0.005114383,FALSE,0.013274837,19.79999924
1594512451,1c:bf:ce:15:ec:4d,0.004391004,78,TRUE,0.007009459,FALSE,0.018588908,27
1594512453,b8:27:eb:bf:9d:51,0.004990367,51.1,FALSE,0.007689234,FALSE,0.020520753,22.7
1594512453,00:0f:00:70:91:0a,0.002840089,75.59999847,FALSE,0.005114383,FALSE,0.013274837,19.79999924
1594512456,1c:bf:ce:15:ec:4d,0.004341545,78,TRUE,0.006952255,FALSE,0.018426906,27
1594512457,b8:27:eb:bf:9d:51,0.004997519,51.1,FALSE,0.007697204,FALSE,0.020543474,22.7
1594512457,00:0f:00:70:91:0a,0.002792826,75.80000305,FALSE,0.005052672,FALSE,0.013103809,19.79999924
1594512460,b8:27:eb:bf:9d:51,0.004981719,51.1,FALSE,0.007679592,FALSE,0.020493267,22.6
1594512462,00:0f:00:70:91:0a,0.002746464,75.59999847,FALSE,0.004991855,FALSE,0.012935399,19.79999924
1594512464,b8:27:eb:bf:9d:51,0.005004798,51.1,FALSE,0.007705313,FALSE,0.020566593,22.7
1594512464,1c:bf:ce:15:ec:4d,0.004341545,78,TRUE,0.006952255,FALSE,0.018426906,27
1594512468,b8:27:eb:bf:9d:51,0.004994671,51.1,FALSE,0.007694031,FALSE,0.020534428,22.6
1594512470,1c:bf:ce:15:ec:4d,0.004302587,78,TRUE,0.00690707,FALSE,0.018299006,27
1594512471,b8:27:eb:bf:9d:51,0.005020725,51.1,FALSE,0.007723043,FALSE,0.020617148,22.6
1594512472,00:0f:00:70:91:0a,0.002840089,75.5,FALSE,0.005114383,FALSE,0.013274837,19.79999924
1594512475,b8:27:eb:bf:9d:51,0.004965923,51.1,FALSE,0.007661969,FALSE,0.020443038,22.6
1594512477,00:0f:00:70:91:0a,0.002840089,75.30000305,FALSE,0.005114383,FALSE,0.013274837,19.79999924
1594512477,1c:bf:ce:15:ec:4d,0.004341545,78.19999695,TRUE,0.006952255,FALSE,0.018426906,27
1594512479,b8:27:eb:bf:9d:51,0.004967498,51.1,FALSE,0.007663727,FALSE,0.020448047,22.7
1594512482,b8:27:eb:bf:9d:51,0.004981719,51.1,FALSE,0.007679592,FALSE,0.020493267,22.6
1594512483,00:0f:00:70:91:0a,0.002840089,75.19999695,FALSE,0.005114383,FALSE,0.013274837,19.70000076
1594512486,1c:bf:ce:15:ec:4d,0.004439323,78.40000153,TRUE,0.007065172,FALSE,0.018746775,27
1594512486,b8:27:eb:bf:9d:51,0.005009117,51.1,FALSE,0.007710122,FALSE,0.020580305,22.6
1594512487,00:0f:00:70:91:0a,0.002840089,75.30000305,FALSE,0.005114383,FALSE,0.013274837,19.79999924
1594512490,b8:27:eb:bf:9d:51,0.004997519,51.2,FALSE,0.007697204,FALSE,0.020543474,22.7
1594512491,1c:bf:ce:15:ec:4d,0.004341545,78.5,TRUE,0.006952255,FALSE,0.018426906,27
1594512493,b8:27:eb:bf:9d:51,0.004986014,51.2,FALSE,0.007684382,FALSE,0.02050692,22.7
1594512497,b8:27:eb:bf:9d:51,0.00495602,51.1,FALSE,0.007650913,FALSE,0.020411529,22.6
1594512497,00:0f:00:70:91:0a,0.002840089,75.19999695,FALSE,0.005114383,FALSE,0.013274837,19.70000076
1594512501,1c:bf:ce:15:ec:4d,0.004371186,78.5,TRUE,0.006986559,FALSE,0.018524044,27
1594512501,b8:27:eb:bf:9d:51,0.004988856,51.1,FALSE,0.00768755,FALSE,0.020515952,22.6
1594512501,00:0f:00:70:91:0a,0.002840089,75.19999695,FALSE,0.005114383,FALSE,0.013274837,19.79999924
1594512504,b8:27:eb:bf:9d:51,0.004988856,51.1,FALSE,0.00768755,FALSE,0.020515952,22.6
1594512505,00:0f:00:70:91:0a,0.002840089,75.30000305,FALSE,0.005114383,FALSE,0.013274837,19.79999924
1594512506,1c:bf:ce:15:ec:4d,0.004351369,78.5,TRUE,0.006963631,FALSE,0.018459116,27
1594512508,b8:27:eb:bf:9d:51,0.004994671,51.1,FALSE,0.007694031,FALSE,0.020534428,22.6
1594512511,00:0f:00:70:91:0a,0.002840089,75.19999695,FALSE,0.005114383,FALSE,0.013274837,19.70000076
1594512512,b8:27:eb:bf:9d:51,0.004991763,51.1,FALSE,0.00769079,FALSE,0.020525187,22.6
1594512513,1c:bf:ce:15:ec:4d,0.004341545,78.30000305,TRUE,0.006952255,FALSE,0.018426906,27
1594512515,b8:27:eb:bf:9d:51,0.004977374,51.1,FALSE,0.007674747,FALSE,0.020479456,22.6
1594512517,00:0f:00:70:91:0a,0.002840089,75.19999695,FALSE,0.005114383,FALSE,0.013274837,19.70000076
1594512517,1c:bf:ce:15:ec:4d,0.004367173,78.80000305,TRUE,0.006981918,FALSE,0.018510903,27
1594512519,b8:27:eb:bf:9d:51,0.004991763,51.1,FALSE,0.00769079,FALSE,0.020525187,22.6
1594512523,00:0f:00:70:91:0a,0.002840089,75.19999695,FALSE,0.005114383,FALSE,0.013274837,19.70000076
1594512523,b8:27:eb:bf:9d:51,0.004988919,51.1,FALSE,0.00768762,FALSE,0.020516151,22.6
1594512526,b8:27:eb:bf:9d:51,0.004973087,51.1,FALSE,0.007669964,FALSE,0.020465825,22.6
1594512527,1c:bf:ce:15:ec:4d,0.004359263,79.30000305,TRUE,0.006972767,FALSE,0.018484988,27
1594512530,b8:27:eb:bf:9d:51,0.005000431,51.1,FALSE,0.007700449,FALSE,0.020552724,22.6
1594512532,00:0f:00:70:91:0a,0.002840089,75.09999847,FALSE,0.005114383,FALSE,0.013274837,19.70000076
1594512533,1c:bf:ce:15:ec:4d,0.004341545,79.09999847,TRUE,0.006952255,FALSE,0.018426906,27
1594512534,b8:27:eb:bf:9d:51,0.004961647,51.1,FALSE,0.007657197,FALSE,0.020429436,22.6
1594512536,00:0f:00:70:91:0a,0.002840089,75.09999847,FALSE,0.005114383,FALSE,0.013274837,19.70000076
1594512538,b8:27:eb:bf:9d:51,0.004991805,51.1,FALSE,0.007690836,FALSE,0.02052532,22.6
1594512539,1c:bf:ce:15:ec:4d,0.004343508,78.80000305,TRUE,0.006954528,FALSE,0.018433343,27
1594512540,00:0f:00:70:91:0a,0.002840089,75.09999847,FALSE,0.005114383,FALSE,0.013274837,19.70000076
1594512541,b8:27:eb:bf:9d:51,0.004986014,51,FALSE,0.007684382,FALSE,0.02050692,22.6
1594512545,b8:27:eb:bf:9d:51,0.004994671,51,FALSE,0.007694031,FALSE,0.020534428,22.6
1594512545,1c:bf:ce:15:ec:4d,0.004343508,78.30000305,TRUE,0.006954528,FALSE,0.018433343,27
1594512546,00:0f:00:70:91:0a,0.002840089,75,FALSE,0.005114383,FALSE,0.013274837,19.70000076
1594512549,b8:27:eb:bf:9d:51,0.00498462,50.9,FALSE,0.007682828,FALSE,0.02050249,22.6
1594512549,1c:bf:ce:15:ec:4d,0.004383044,78.69999695,TRUE,0.007000264,FALSE,0.018562862,27
1594512552,00:0f:00:70:91:0a,0.002840089,75,FALSE,0.005114383,FALSE,0.013274837,19.70000076
1594512552,b8:27:eb:bf:9d:51,0.005000431,50.9,FALSE,0.007700449,FALSE,0.020552724,22.6
1594512553,1c:bf:ce:15:ec:4d,0.004333721,78.19999695,TRUE,0.006943189,FALSE,0.018401241,27
1594512556,b8:27:eb:bf:9d:51,0.004983112,50.7,FALSE,0.007681145,FALSE,0.020497694,22.6
1594512559,00:0f:00:70:91:0a,0.002840089,75.09999847,FALSE,0.005114383,FALSE,0.013274837,19.70000076
1594512560,b8:27:eb:bf:9d:51,0.004991763,50.5,FALSE,0.00769079,FALSE,0.020525187,22.6
1594512560,1c:bf:ce:15:ec:4d,0.004341545,78,TRUE,0.006952255,FALSE,0.018426906,27
1594512563,00:0f:00:70:91:0a,0.002840089,75.09999847,FALSE,0.005114383,FALSE,0.013274837,19.70000076
1594512563,b8:27:eb:bf:9d:51,0.004986014,50.4,FALSE,0.007684382,FALSE,0.02050692,22.6
1594512565,1c:bf:ce:15:ec:4d,0.004341545,78,TRUE,0.006952255,FALSE,0.018426906,27
1594512567,b8:27:eb:bf:9d:51,0.004961647,50.3,FALSE,0.007657197,FALSE,0.020429436,22.6
1594512568,00:0f:00:70:91:0a,0.002840089,75.19999695,FALSE,0.005114383,FALSE,0.013274837,19.70000076
1594512570,1c:bf:ce:15:ec:4d,0.004341545,78,TRUE,0.006952255,FALSE,0.018426906,27
1594512571,b8:27:eb:bf:9d:51,0.004967393,50.2,FALSE,0.007663609,FALSE,0.020447713,22.6
1594512573,00:0f:00:70:91:0a,0.002746464,75.19999695,FALSE,0.004991855,FALSE,0.012935399,19.70000076
1594512574,b8:27:eb:bf:9d:51,0.004987588,50.1,FALSE,0.007686136,FALSE,0.02051192,22.6
1594512578,1c:bf:ce:15:ec:4d,0.004302587,78,TRUE,0.00690707,FALSE,0.018299006,27
1594512578,b8:27:eb:bf:9d:51,0.004967364,50,FALSE,0.007663577,FALSE,0.020447621,22.6
1594512579,00:0f:00:70:91:0a,0.002840089,75.09999847,FALSE,0.005114383,FALSE,0.013274837,19.70000076
1594512582,b8:27:eb:bf:9d:51,0.004971645,50,FALSE,0.007668355,FALSE,0.020461238,22.6
1594512585,00:0f:00:70:91:0a,0.002840089,75.19999695,FALSE,0.005114383,FALSE,0.013274837,19.70000076
1594512585,1c:bf:ce:15:ec:4d,0.004302587,78,TRUE,0.00690707,FALSE,0.018299006,27
1594512585,b8:27:eb:bf:9d:51,0.004975983,49.9,FALSE,0.007673195,FALSE,0.020475034,22.5
1594512589,b8:27:eb:bf:9d:51,0.00494744,49.9,FALSE,0.007641329,FALSE,0.020384218,22.5
1594512589,1c:bf:ce:15:ec:4d,0.004302587,78,TRUE,0.00690707,FALSE,0.018299006,27
1594512590,00:0f:00:70:91:0a,0.002840089,75.19999695,FALSE,0.005114383,FALSE,0.013274837,19.70000076
1594512593,b8:27:eb:bf:9d:51,0.004971645,49.7,FALSE,0.007668355,FALSE,0.020461238,22.5
1594512593,1c:bf:ce:15:ec:4d,0.004298763,78,TRUE,0.006902628,FALSE,0.018286437,27
1594512594,00:0f:00:70:91:0a,0.002840089,75.19999695,FALSE,0.005114383,FALSE,0.013274837,19.70000076
1594512597,b8:27:eb:bf:9d:51,0.004980273,49.7,FALSE,0.00767798,FALSE,0.020488672,22.5
1594512598,00:0f:00:70:91:0a,0.002746464,75.19999695,FALSE,0.004991855,FALSE,0.012935399,19.70000076
1594512600,b8:27:eb:bf:9d:51,0.005000431,49.7,FALSE,0.007700449,FALSE,0.020552724,22.5
1594512600,1c:bf:ce:15:ec:4d,0.004302587,78.09999847,TRUE,0.00690707,FALSE,0.018299006,27
1594512604,b8:27:eb:bf:9d:51,0.004970256,49.6,FALSE,0.007666805,FALSE,0.02045682,22.5
1594512606,1c:bf:ce:15:ec:4d,0.004302587,78.09999847,TRUE,0.00690707,FALSE,0.018299006,27
1594512608,b8:27:eb:bf:9d:51,0.004980273,49.5,FALSE,0.00767798,FALSE,0.020488672,22.5
1594512611,1c:bf:ce:15:ec:4d,0.004245145,78.09999847,TRUE,0.006840238,FALSE,0.018109938,27
1594512611,b8:27:eb:bf:9d:51,0.004978819,49.5,FALSE,0.007676358,FALSE,0.020484049,22.5
1594512615,b8:27:eb:bf:9d:51,0.004975983,49.5,FALSE,0.007673195,FALSE,0.020475034,22.5
1594512619,b8:27:eb:bf:9d:51,0.004980273,49.6,FALSE,0.00767798,FALSE,0.020488672,22.5
1594512619,00:0f:00:70:91:0a,0.002840089,74.90000153,FALSE,0.005114383,FALSE,0.013274837,19.70000076
1594512619,1c:bf:ce:15:ec:4d,0.004279504,78.09999847,TRUE,0.006880243,FALSE,0.018223098,27
1594512622,b8:27:eb:bf:9d:51,0.004973087,49.6,FALSE,0.007669964,FALSE,0.020465825,22.4
1594512624,00:0f:00:70:91:0a,0.002840089,75,FALSE,0.005114383,FALSE,0.013274837,19.70000076
1594512626,b8:27:eb:bf:9d:51,0.004996121,49.7,FALSE,0.007695647,FALSE,0.020539035,22.5
1594512627,00:0f:00:70:91:0a,0.002840089,74.80000305,FALSE,0.005114383,FALSE,0.013274837,19.70000076
1594512629,1c:bf:ce:15:ec:4d,0.004268016,78,TRUE,0.006866877,FALSE,0.018185284,27
1594512630,b8:27:eb:bf:9d:51,0.004986014,49.6,FALSE,0.007684382,FALSE,0.02050692,22.5
1594512633,1c:bf:ce:15:ec:4d,0.004302587,78,TRUE,0.00690707,FALSE,0.018299006,27
1594512633,b8:27:eb:bf:9d:51,0.004977374,49.5,FALSE,0.007674747,FALSE,0.020479456,22.4
1594512634,00:0f:00:70:91:0a,0.002792826,74.90000153,FALSE,0.005052672,FALSE,0.013103809,19.70000076
1594512637,1c:bf:ce:15:ec:4d,0.004302587,78,TRUE,0.00690707,FALSE,0.018299006,27
1594512637,b8:27:eb:bf:9d:51,0.005006199,49.5,FALSE,0.007706873,FALSE,0.02057104,22.5
1594512641,b8:27:eb:bf:9d:51,0.004991858,49.4,FALSE,0.007690895,FALSE,0.020525489,22.4
1594512642,00:0f:00:70:91:0a,0.002792826,74.80000305,FALSE,0.005052672,FALSE,0.013103809,19.70000076
1594512643,1c:bf:ce:15:ec:4d,0.004302587,77.90000153,TRUE,0.00690707,FALSE,0.018299006,27
1594512644,b8:27:eb:bf:9d:51,0.004986014,49.4,FALSE,0.007684382,FALSE,0.02050692,22.4
1594512645,00:0f:00:70:91:0a,0.002840089,74.80000305,FALSE,0.005114383,FALSE,0.013274837,19.70000076
1594512648,b8:27:eb:bf:9d:51,0.005023652,49.3,FALSE,0.007726301,FALSE,0.020626438,22.4
1594512649,00:0f:00:70:91:0a,0.002840089,74.90000153,FALSE,0.005114383,FALSE,0.013274837,19.70000076
1594512651,1c:bf:ce:15:ec:4d,0.004310347,77.80000305,TRUE,0.006916078,FALSE,0.018324501,27
1594512652,b8:27:eb:bf:9d:51,0.004996121,49.3,FALSE,0.007695647,FALSE,0.020539035,22.4
1594512654,00:0f:00:70:91:0a,0.002840089,74.80000305,FALSE,0.005114383,FALSE,0.013274837,19.70000076
1594512655,b8:27:eb:bf:9d:51,0.005000431,49.3,FALSE,0.007700449,FALSE,0.020552724,22.4
1594512659,1c:bf:ce:15:ec:4d,0.004333721,77.80000305,TRUE,0.006943189,FALSE,0.018401241,27
1594512659,b8:27:eb:bf:9d:51,0.004963087,49.2,FALSE,0.007658803,FALSE,0.020434015,22.4
1594512659,00:0f:00:70:91:0a,0.002840089,74.69999695,FALSE,0.005114383,FALSE,0.013274837,19.60000038
1594512663,b8:27:eb:bf:9d:51,0.004980273,49.1,FALSE,0.00767798,FALSE,0.020488672,22.4
1594512665,00:0f:00:70:91:0a,0.002840089,74.69999695,FALSE,0.005114383,FALSE,0.013274837,19.70000076
1594512666,1c:bf:ce:15:ec:4d,0.004318122,77.69999695,TRUE,0.006925101,FALSE,0.018350039,27
1594512667,b8:27:eb:bf:9d:51,0.004973087,49.2,FALSE,0.007669964,FALSE,0.020465825,22.4
1594512670,b8:27:eb:bf:9d:51,0.004987503,49.2,FALSE,0.007686042,FALSE,0.020511652,22.4
1594512674,1c:bf:ce:15:ec:4d,0.004341545,77.59999847,TRUE,0.006952255,FALSE,0.018426906,27
1594512674,b8:27:eb:bf:9d:51,0.004971645,49.3,FALSE,0.007668355,FALSE,0.020461238,22.4
1594512674,00:0f:00:70:91:0a,0.002840089,74.69999695,FALSE,0.005114383,FALSE,0.013274837,19.60000038
1594512678,b8:27:eb:bf:9d:51,0.004987588,49.2,FALSE,0.007686136,FALSE,0.02051192,22.3
1594512678,1c:bf:ce:15:ec:4d,0.004291028,77.59999847,TRUE,0.006893641,FALSE,0.018261005,27
1594512681,b8:27:eb:bf:9d:51,0.004981719,49.3,FALSE,0.007679592,FALSE,0.020493267,22.4
1594512682,00:0f:00:70:91:0a,0.002840089,74.69999695,FALSE,0.005114383,FALSE,0.013274837,19.60000038
1594512682,1c:bf:ce:15:ec:4d,0.004291028,77.59999847,TRUE,0.006893641,FALSE,0.018261005,27
1594512685,b8:27:eb:bf:9d:51,0.005029451,49.2,FALSE,0.007732751,FALSE,0.020644832,22.3
1594512686,00:0f:00:70:91:0a,0.002840089,74.80000305,FALSE,0.005114383,FALSE,0.013274837,19.60000038
1594512687,1c:bf:ce:15:ec:4d,0.004302587,77.69999695,TRUE,0.00690707,FALSE,0.018299006,27
1594512689,b8:27:eb:bf:9d:51,0.005026604,49.2,FALSE,0.007729584,FALSE,0.0206358,22.3
1594512692,00:0f:00:70:91:0a,0.002840089,74.80000305,FALSE,0.005114383,FALSE,0.013274837,19.60000038
1594512692,1c:bf:ce:15:ec:4d,0.004312293,77.80000305,TRUE,0.006918337,FALSE,0.018330895,27
1594512693,b8:27:eb:bf:9d:51,0.004997561,49.2,FALSE,0.007697251,FALSE,0.020543607,22.3
1594512696,00:0f:00:70:91:0a,0.002840089,74.80000305,FALSE,0.005114383,FALSE,0.013274837,19.60000038
1594512696,1c:bf:ce:15:ec:4d,0.004302587,77.80000305,TRUE,0.00690707,FALSE,0.018299006,27
1594512696,b8:27:eb:bf:9d:51,0.004994671,49.1,FALSE,0.007694031,FALSE,0.020534428,22.3
1594512700,b8:27:eb:bf:9d:51,0.004997519,49.1,FALSE,0.007697204,FALSE,0.020543474,22.3
1594512700,1c:bf:ce:15:ec:4d,0.004302587,77.90000153,TRUE,0.00690707,FALSE,0.018299006,27
1594512704,b8:27:eb:bf:9d:51,0.005014938,49.1,FALSE,0.007716603,FALSE,0.020598783,22.3
1594512706,00:0f:00:70:91:0a,0.002840089,74.69999695,FALSE,0.005114383,FALSE,0.013274837,19.60000038
1594512707,1c:bf:ce:15:ec:4d,0.004302587,77.90000153,TRUE,0.00690707,FALSE,0.018299006,27
1594512707,b8:27:eb:bf:9d:51,0.005000431,49.1,FALSE,0.007700449,FALSE,0.020552724,22.3
1594512710,00:0f:00:70:91:0a,0.002840089,74.80000305,FALSE,0.005114383,FALSE,0.013274837,19.60000038
1594512711,b8:27:eb:bf:9d:51,0.004975983,49.1,FALSE,0.007673195,FALSE,0.020475034,22.3
1594512713,1c:bf:ce:15:ec:4d,0.004318122,78,TRUE,0.006925101,FALSE,0.018350039,27
1594512715,b8:27:eb:bf:9d:51,0.005007697,49.1,FALSE,0.007708541,FALSE,0.020575797,22.3
1594512715,00:0f:00:70:91:0a,0.002840089,74.69999695,FALSE,0.005114383,FALSE,0.013274837,19.60000038
1594512718,1c:bf:ce:15:ec:4d,0.004302587,78,TRUE,0.00690707,FALSE,0.018299006,27
1594512718,b8:27:eb:bf:9d:51,0.004987461,49.1,FALSE,0.007685995,FALSE,0.02051152,22.3
1594512722,b8:27:eb:bf:9d:51,0.004976012,49.1,FALSE,0.007673227,FALSE,0.020475126,22.3
1594512722,1c:bf:ce:15:ec:4d,0.004310347,78.09999847,TRUE,0.006916078,FALSE,0.018324501,27
1594512725,00:0f:00:70:91:0a,0.002840089,74.80000305,FALSE,0.005114383,FALSE,0.013274837,19.60000038
1594512726,b8:27:eb:bf:9d:51,0.004961647,49.1,FALSE,0.007657197,FALSE,0.020429436,22.3
1594512727,1c:bf:ce:15:ec:4d,0.004333721,78,TRUE,0.006943189,FALSE,0.018401241,27
1594512729,b8:27:eb:bf:9d:51,0.004983112,49.1,FALSE,0.007681145,FALSE,0.020497694,22.3
1594512732,00:0f:00:70:91:0a,0.002840089,74.80000305,FALSE,0.005114383,FALSE,0.013274837,19.60000038
1594512733,b8:27:eb:bf:9d:51,0.005010614,49.1,FALSE,0.007711789,FALSE,0.020585057,22.3
1594512735,1c:bf:ce:15:ec:4d,0.004333721,78,TRUE,0.006943189,FALSE,0.018401241,27
1594512737,b8:27:eb:bf:9d:51,0.004975983,49,FALSE,0.007673195,FALSE,0.020475034,22.3
1594512738,00:0f:00:70:91:0a,0.002840089,74.80000305,FALSE,0.005114383,FALSE,0.013274837,19.60000038
1594512740,b8:27:eb:bf:9d:51,0.005010616,49,FALSE,0.007711791,FALSE,0.020585064,22.3
1594512744,b8:27:eb:bf:9d:51,0.004956142,48.9,FALSE,0.007651049,FALSE,0.020411917,22.2
1594512744,00:0f:00:70:91:0a,0.002840089,74.90000153,FALSE,0.005114383,FALSE,0.013274837,19.60000038
1594512746,1c:bf:ce:15:ec:4d,0.004341545,77.90000153,TRUE,0.006952255,FALSE,0.018426906,27
1594512748,b8:27:eb:bf:9d:51,0.00498176,48.9,FALSE,0.007679638,FALSE,0.0204934,22.3
1594512749,00:0f:00:70:91:0a,0.002840089,74.80000305,FALSE,0.005114383,FALSE,0.013274837,19.60000038
1594512752,b8:27:eb:bf:9d:51,0.005009117,48.9,FALSE,0.007710122,FALSE,0.020580305,22.3
1594512752,1c:bf:ce:15:ec:4d,0.004341545,77.90000153,TRUE,0.006952255,FALSE,0.018426906,27
1594512755,b8:27:eb:bf:9d:51,0.004991763,48.9,FALSE,0.00769079,FALSE,0.020525187,22.2
1594512757,1c:bf:ce:15:ec:4d,0.004333721,77.90000153,TRUE,0.006943189,FALSE,0.018401241,27
1594512758,00:0f:00:70:91:0a,0.002840089,74.69999695,FALSE,0.005114383,FALSE,0.013274837,19.60000038
1594512759,b8:27:eb:bf:9d:51,0.004990367,48.9,FALSE,0.007689234,FALSE,0.020520753,22.2
1594512762,1c:bf:ce:15:ec:4d,0.004341545,78,TRUE,0.006952255,FALSE,0.018426906,27
1594512763,b8:27:eb:bf:9d:51,0.004976012,48.8,FALSE,0.007673227,FALSE,0.020475126,22.2
1594512763,00:0f:00:70:91:0a,0.002840089,74.69999695,FALSE,0.005114383,FALSE,0.013274837,19.60000038
1594512766,b8:27:eb:bf:9d:51,0.004977374,48.9,FALSE,0.007674747,FALSE,0.020479456,22.2
1594512768,1c:bf:ce:15:ec:4d,0.004341545,77.40000153,TRUE,0.006952255,FALSE,0.018426906,27
1594512768,00:0f:00:70:91:0a,0.002840089,74.69999695,FALSE,0.005114383,FALSE,0.013274837,19.60000038
1594512770,b8:27:eb:bf:9d:51,0.004983112,48.8,FALSE,0.007681145,FALSE,0.020497694,22.2
1594512772,1c:bf:ce:15:ec:4d,0.004322066,78,TRUE,0.006929676,FALSE,0.018362987,27
1594512774,b8:27:eb:bf:9d:51,0.005000431,48.9,FALSE,0.007700449,FALSE,0.020552724,22.2
1594512774,00:0f:00:70:91:0a,0.002840089,74.69999695,FALSE,0.005114383,FALSE,0.013274837,19.60000038
1594512777,b8:27:eb:bf:9d:51,0.004983112,48.9,FALSE,0.007681145,FALSE,0.020497694,22.2
1594512778,1c:bf:ce:15:ec:4d,0.004341545,78.19999695,TRUE,0.006952255,FALSE,0.018426906,27
1594512780,00:0f:00:70:91:0a,0.002840089,74.69999695,FALSE,0.005114383,FALSE,0.013274837,19.60000038
1594512781,b8:27:eb:bf:9d:51,0.004981719,48.9,FALSE,0.007679592,FALSE,0.020493267,22.2
1594512784,00:0f:00:70:91:0a,0.002840089,74.80000305,FALSE,0.005114383,FALSE,0.013274837,19.60000038
1594512785,b8:27:eb:bf:9d:51,0.005029451,48.9,FALSE,0.007732751,FALSE,0.020644832,22.2
1594512786,1c:bf:ce:15:ec:4d,0.004343508,78,TRUE,0.006954528,FALSE,0.018433343,27
1594512788,b8:27:eb:bf:9d:51,0.004999033,48.8,FALSE,0.007698891,FALSE,0.020548282,22.2
1594512790,00:0f:00:70:91:0a,0.002840089,74.19999695,FALSE,0.005114383,FALSE,0.013274837,19.60000038
1594512792,b8:27:eb:bf:9d:51,0.005000431,48.8,FALSE,0.007700449,FALSE,0.020552724,22.2
1594512796,00:0f:00:70:91:0a,0.002792826,75.09999847,FALSE,0.005052672,FALSE,0.013103809,19.60000038
1594512796,b8:27:eb:bf:9d:51,0.004986014,48.9,FALSE,0.007684382,FALSE,0.02050692,22.2
1594512799,1c:bf:ce:15:ec:4d,0.004325914,78.09999847,TRUE,0.006934138,FALSE,0.018375619,27
1594512799,b8:27:eb:bf:9d:51,0.004951673,48.9,FALSE,0.007646058,FALSE,0.020397693,22.2
1594512800,00:0f:00:70:91:0a,0.002746464,74.90000153,FALSE,0.004991855,FALSE,0.012935399,19.60000038
1594512803,b8:27:eb:bf:9d:51,0.004961647,48.8,FALSE,0.007657197,FALSE,0.020429436,22.2
1594512806,1c:bf:ce:15:ec:4d,0.004318122,78,TRUE,0.006925101,FALSE,0.018350039,27
1594512807,00:0f:00:70:91:0a,0.002840089,74.59999847,FALSE,0.005114383,FALSE,0.013274837,19.60000038
1594512807,b8:27:eb:bf:9d:51,0.004991858,48.8,FALSE,0.007690895,FALSE,0.020525489,22.2
1594512810,b8:27:eb:bf:9d:51,0.004970285,48.8,FALSE,0.007666837,FALSE,0.020456911,22.2
1594512814,b8:27:eb:bf:9d:51,0.004978916,48.8,FALSE,0.007676466,FALSE,0.020484357,22.2
1594512815,1c:bf:ce:15:ec:4d,0.004291028,77.90000153,TRUE,0.006893641,FALSE,0.018261005,27
1594512816,00:0f:00:70:91:0a,0.002840089,74.59999847,FALSE,0.005114383,FALSE,0.013274837,19.60000038
1594512818,b8:27:eb:bf:9d:51,0.004980426,48.8,FALSE,0.00767815,FALSE,0.020489157,22.2
1594512820,00:0f:00:70:91:0a,0.002840089,74.59999847,FALSE,0.005114383,FALSE,0.013274837,19.5
1594512822,b8:27:eb:bf:9d:51,0.004968983,48.8,FALSE,0.007665384,FALSE,0.02045277,22.2
1594512823,00:0f:00:70:91:0a,0.002840089,74.5,FALSE,0.005114383,FALSE,0.013274837,19.5
1594512825,b8:27:eb:bf:9d:51,0.004981719,48.8,FALSE,0.007679592,FALSE,0.020493267,22.1
1594512825,1c:bf:ce:15:ec:4d,0.004302587,77.80000305,TRUE,0.00690707,FALSE,0.018299006,27
1594512829,00:0f:00:70:91:0a,0.002792826,74.5,FALSE,0.005052672,FALSE,0.013103809,19.5
1594512829,b8:27:eb:bf:9d:51,0.004996121,48.8,FALSE,0.007695647,FALSE,0.020539035,22.1
1594512829,1c:bf:ce:15:ec:4d,0.004310347,77.80000305,TRUE,0.006916078,FALSE,0.018324501,27
1594512833,b8:27:eb:bf:9d:51,0.004983112,48.8,FALSE,0.007681145,FALSE,0.020497694,22.1
1594512836,b8:27:eb:bf:9d:51,0.004997519,48.8,FALSE,0.007697204,FALSE,0.020543474,22.1
1594512839,1c:bf:ce:15:ec:4d,0.004310347,77.90000153,TRUE,0.006916078,FALSE,0.018324501,27
1594512839,00:0f:00:70:91:0a,0.002840089,74.5,FALSE,0.005114383,FALSE,0.013274837,19.5
1594512840,b8:27:eb:bf:9d:51,0.004970256,48.8,FALSE,0.007666805,FALSE,0.02045682,22.1
1594512843,00:0f:00:70:91:0a,0.002840089,74.5,FALSE,0.005114383,FALSE,0.013274837,19.5
1594512844,b8:27:eb:bf:9d:51,0.004987559,48.8,FALSE,0.007686103,FALSE,0.020511828,22.1
1594512847,b8:27:eb:bf:9d:51,0.005006241,48.8,FALSE,0.007706919,FALSE,0.020571173,22.1
1594512848,00:0f:00:70:91:0a,0.002840089,74.59999847,FALSE,0.005114383,FALSE,0.013274837,19.5
1594512851,b8:27:eb:bf:9d:51,0.005006199,48.8,FALSE,0.007706873,FALSE,0.02057104,22.1
1594512854,1c:bf:ce:15:ec:4d,0.004291028,78,TRUE,0.006893641,FALSE,0.018261005,27
1594512854,00:0f:00:70:91:0a,0.002840089,74.5,FALSE,0.005114383,FALSE,0.013274837,19.5
1594512855,b8:27:eb:bf:9d:51,0.004963262,48.8,FALSE,0.007658999,FALSE,0.020434573,22.1
1594512858,b8:27:eb:bf:9d:51,0.004991763,48.8,FALSE,0.00769079,FALSE,0.020525187,22.1
1594512859,00:0f:00:70:91:0a,0.002840089,74.80000305,FALSE,0.005114383,FALSE,0.013274837,19.5
1594512862,1c:bf:ce:15:ec:4d,0.004318122,78.09999847,TRUE,0.006925101,FALSE,0.018350039,27
1594512862,b8:27:eb:bf:9d:51,0.005000431,48.8,FALSE,0.007700449,FALSE,0.020552724,22.1
1594512864,00:0f:00:70:91:0a,0.002840089,74.59999847,FALSE,0.005114383,FALSE,0.013274837,19.5
1594512866,b8:27:eb:bf:9d:51,0.005000431,48.8,FALSE,0.007700449,FALSE,0.020552724,22.1
1594512868,00:0f:00:70:91:0a,0.002792826,74.69999695,FALSE,0.005052672,FALSE,0.013103809,19.5
1594512869,b8:27:eb:bf:9d:51,0.00499186,48.8,FALSE,0.007690898,FALSE,0.020525496,22.1
1594512871,1c:bf:ce:15:ec:4d,0.004245145,78.19999695,TRUE,0.006840238,FALSE,0.018109938,27
1594512873,b8:27:eb:bf:9d:51,0.004996121,48.8,FALSE,0.007695647,FALSE,0.020539035,22.1
1594512877,b8:27:eb:bf:9d:51,0.004994671,48.8,FALSE,0.007694031,FALSE,0.020534428,22.1
1594512877,00:0f:00:70:91:0a,0.002840089,74.69999695,FALSE,0.005114383,FALSE,0.013274837,19.5
1594512880,1c:bf:ce:15:ec:4d,0.004302587,78.80000305,TRUE,0.00690707,FALSE,0.018299006,27
1594512881,b8:27:eb:bf:9d:51,0.005007745,48.8,FALSE,0.007708594,FALSE,0.020575948,22.1
1594512884,b8:27:eb:bf:9d:51,0.005038194,48.8,FALSE,0.007742474,FALSE,0.02067256,22.1
1594512885,1c:bf:ce:15:ec:4d,0.004318122,78.90000153,TRUE,0.006925101,FALSE,0.018350039,27.10000038
1594512886,00:0f:00:70:91:0a,0.002840089,74.5,FALSE,0.005114383,FALSE,0.013274837,19.5
1594512888,b8:27:eb:bf:9d:51,0.005025115,48.7,FALSE,0.007727928,FALSE,0.020631076,22.1
1594512889,1c:bf:ce:15:ec:4d,0.004341545,79,TRUE,0.006952255,FALSE,0.018426906,27.10000038
1594512892,b8:27:eb:bf:9d:51,0.005004798,48.8,FALSE,0.007705313,FALSE,0.020566593,22.1
1594512894,1c:bf:ce:15:ec:4d,0.004325914,78.80000305,TRUE,0.006934138,FALSE,0.018375619,27
1594512895,b8:27:eb:bf:9d:51,0.004993256,48.8,FALSE,0.007692454,FALSE,0.020529932,22.1
1594512897,00:0f:00:70:91:0a,0.002872341,74.59999847,FALSE,0.005156333,FALSE,0.013391177,19.5
1594512899,b8:27:eb:bf:9d:51,0.004994671,48.8,FALSE,0.007694031,FALSE,0.020534428,22.1
1594512902,1c:bf:ce:15:ec:4d,0.004341545,78.5,TRUE,0.006952255,FALSE,0.018426906,27
1594512902,00:0f:00:70:91:0a,0.002840089,74.69999695,FALSE,0.005114383,FALSE,0.013274837,19.5
1594512903,b8:27:eb:bf:9d:51,0.004993254,48.8,FALSE,0.007692451,FALSE,0.020529925,22
1594512905,1c:bf:ce:15:ec:4d,0.004333721,78.5,TRUE,0.006943189,FALSE,0.018401241,27
1594512906,b8:27:eb:bf:9d:51,0.005020725,48.9,FALSE,0.007723043,FALSE,0.020617148,22
1594512907,00:0f:00:70:91:0a,0.002792826,74.59999847,FALSE,0.005052672,FALSE,0.013103809,19.5
1594512910,b8:27:eb:bf:9d:51,0.004970285,48.8,FALSE,0.007666837,FALSE,0.020456911,22
1594512911,1c:bf:ce:15:ec:4d,0.004245145,78.80000305,TRUE,0.006840238,FALSE,0.018109938,27.10000038
1594512912,00:0f:00:70:91:0a,0.002840089,74.69999695,FALSE,0.005114383,FALSE,0.013274837,19.5
1594512914,b8:27:eb:bf:9d:51,0.005032342,48.8,FALSE,0.007735967,FALSE,0.020654002,22
1594512915,1c:bf:ce:15:ec:4d,0.004245145,78.30000305,TRUE,0.006840238,FALSE,0.018109938,27
1594512917,00:0f:00:70:91:0a,0.002746464,74.69999695,FALSE,0.004991855,FALSE,0.012935399,19.5
1594512917,b8:27:eb:bf:9d:51,0.004980326,49,FALSE,0.007678039,FALSE,0.020488841,22
1594512920,1c:bf:ce:15:ec:4d,0.004245145,78.19999695,TRUE,0.006840238,FALSE,0.018109938,27
1594512921,00:0f:00:70:91:0a,0.002792826,74.69999695,FALSE,0.005052672,FALSE,0.013103809,19.5
1594512921,b8:27:eb:bf:9d:51,0.005020767,49.2,FALSE,0.00772309,FALSE,0.020617282,22
1594512924,1c:bf:ce:15:ec:4d,0.004245145,78.19999695,TRUE,0.006840238,FALSE,0.018109938,27
1594512924,00:0f:00:70:91:0a,0.002840089,74.80000305,FALSE,0.005114383,FALSE,0.013274837,19.5
1594512925,b8:27:eb:bf:9d:51,0.004994671,49.2,FALSE,0.007694031,FALSE,0.020534428,22
1594512928,1c:bf:ce:15:ec:4d,0.004245145,78.19999695,TRUE,0.006840238,FALSE,0.018109938,27
1594512928,b8:27:eb:bf:9d:51,0.004994706,49.4,FALSE,0.007694069,FALSE,0.020534537,22
1594512929,00:0f:00:70:91:0a,0.002792826,74.90000153,FALSE,0.005052672,FALSE,0.013103809,19.5
1594512932,b8:27:eb:bf:9d:51,0.004994671,49.4,FALSE,0.007694031,FALSE,0.020534428,22
1594512933,1c:bf:ce:15:ec:4d,0.004222511,78.19999695,TRUE,0.006813836,FALSE,0.018035281,27
1594512934,00:0f:00:70:91:0a,0.002792826,74.90000153,FALSE,0.005052672,FALSE,0.013103809,19.5
1594512936,b8:27:eb:bf:9d:51,0.005020762,49.3,FALSE,0.007723084,FALSE,0.020617265,22
1594512939,b8:27:eb:bf:9d:51,0.005030957,49.4,FALSE,0.007734426,FALSE,0.020649609,22
1594512941,1c:bf:ce:15:ec:4d,0.004237585,78.19999695,TRUE,0.006831423,FALSE,0.018085011,27
1594512943,b8:27:eb:bf:9d:51,0.004990367,49.5,FALSE,0.007689234,FALSE,0.020520753,22
1594512944,00:0f:00:70:91:0a,0.002840089,74.90000153,FALSE,0.005114383,FALSE,0.013274837,19.5
1594512947,b8:27:eb:bf:9d:51,0.004980355,49.5,FALSE,0.007678071,FALSE,0.020488933,22
1594512949,00:0f:00:70:91:0a,0.002840089,75,FALSE,0.005114383,FALSE,0.013274837,19.5
1594512951,b8:27:eb:bf:9d:51,0.004999033,49.5,FALSE,0.007698891,FALSE,0.020548282,22
1594512953,1c:bf:ce:15:ec:4d,0.004248979,78,TRUE,0.006844707,FALSE,0.018122576,27
1594512954,b8:27:eb:bf:9d:51,0.004971645,49.7,FALSE,0.007668355,FALSE,0.020461238,22
1594512958,b8:27:eb:bf:9d:51,0.005001927,50,FALSE,0.007702115,FALSE,0.020557476,22
1594512960,1c:bf:ce:15:ec:4d,0.004241476,77.90000153,TRUE,0.006835961,FALSE,0.018097843,27
1594512962,b8:27:eb:bf:9d:51,0.005006241,50.1,FALSE,0.007706919,FALSE,0.020571173,22
1594512965,00:0f:00:70:91:0a,0.002840089,75,FALSE,0.005114383,FALSE,0.013274837,19.5
1594512965,b8:27:eb:bf:9d:51,0.004980273,49.9,FALSE,0.00767798,FALSE,0.020488672,22
1594512968,1c:bf:ce:15:ec:4d,0.004245145,77.90000153,TRUE,0.006840238,FALSE,0.018109938,27
1594512969,b8:27:eb:bf:9d:51,0.005032342,49.8,FALSE,0.007735967,FALSE,0.020654002,22
1594512972,00:0f:00:70:91:0a,0.002792826,75.19999695,FALSE,0.005052672,FALSE,0.013103809,19.5
1594512973,b8:27:eb:bf:9d:51,0.005006283,49.8,FALSE,0.007706966,FALSE,0.020571306,22
1594512976,b8:27:eb:bf:9d:51,0.004988919,49.9,FALSE,0.00768762,FALSE,0.020516151,22
1594512978,1c:bf:ce:15:ec:4d,0.004279504,77.90000153,TRUE,0.006880243,FALSE,0.018223098,27
1594512978,00:0f:00:70:91:0a,0.002840089,75,FALSE,0.005114383,FALSE,0.013274837,19.5
1594512980,b8:27:eb:bf:9d:51,0.005020725,50.1,FALSE,0.007723043,FALSE,0.020617148,22
1594512984,b8:27:eb:bf:9d:51,0.00501782,50.2,FALSE,0.00771981,FALSE,0.02060793,22.1
1594512986,00:0f:00:70:91:0a,0.002840089,75.09999847,FALSE,0.005114383,FALSE,0.013274837,19.5
1594512987,b8:27:eb:bf:9d:51,0.00502078,50.2,FALSE,0.007723105,FALSE,0.020617325,22
1594512988,1c:bf:ce:15:ec:4d,0.004302587,77.90000153,TRUE,0.00690707,FALSE,0.018299006,27
1594512991,b8:27:eb:bf:9d:51,0.005016397,50.3,FALSE,0.007718227,FALSE,0.020603414,22
1594512991,00:0f:00:70:91:0a,0.002840089,75.09999847,FALSE,0.005114383,FALSE,0.013274837,19.5
1594512994,1c:bf:ce:15:ec:4d,0.004310347,77.90000153,TRUE,0.006916078,FALSE,0.018324501,27
1594512995,b8:27:eb:bf:9d:51,0.005007697,50.4,FALSE,0.007708541,FALSE,0.020575797,22
1594512996,00:0f:00:70:91:0a,0.002840089,75.09999847,FALSE,0.005114383,FALSE,0.013274837,19.5
1594512998,b8:27:eb:bf:9d:51,0.005030957,50.4,FALSE,0.007734426,FALSE,0.020649609,22
1594513000,1c:bf:ce:15:ec:4d,0.004322066,77.90000153,TRUE,0.006929676,FALSE,0.018362987,27
1594513000,00:0f:00:70:91:0a,0.002840089,75.19999695,FALSE,0.005114383,FALSE,0.013274837,19.5
1594513002,b8:27:eb:bf:9d:51,0.004994671,50.5,FALSE,0.007694031,FALSE,0.020534428,22
1594513004,1c:bf:ce:15:ec:4d,0.004333721,78,TRUE,0.006943189,FALSE,0.018401241,27
1594513006,b8:27:eb:bf:9d:51,0.005016397,50.7,FALSE,0.007718227,FALSE,0.020603414,22
1594513008,00:0f:00:70:91:0a,0.002840089,75.30000305,FALSE,0.005114383,FALSE,0.013274837,19.5
1594513009,b8:27:eb:bf:9d:51,0.00499186,50.8,FALSE,0.007690898,FALSE,0.020525496,22
1594513010,1c:bf:ce:15:ec:4d,0.004341545,78,TRUE,0.006952255,FALSE,0.018426906,27
1594513012,00:0f:00:70:91:0a,0.002840089,75.40000153,FALSE,0.005114383,FALSE,0.013274837,19.5
1594513013,b8:27:eb:bf:9d:51,0.004975983,50.9,FALSE,0.007673195,FALSE,0.020475034,22.1
1594513015,1c:bf:ce:15:ec:4d,0.0043751,78.09999847,TRUE,0.006991084,FALSE,0.018536861,27
1594513017,b8:27:eb:bf:9d:51,0.005038194,50.8,FALSE,0.007742474,FALSE,0.02067256,22.1
1594513020,00:0f:00:70:91:0a,0.002840089,75.40000153,FALSE,0.005114383,FALSE,0.013274837,19.5
1594513021,b8:27:eb:bf:9d:51,0.005030915,50.8,FALSE,0.007734379,FALSE,0.020649475,22.1
1594513021,1c:bf:ce:15:ec:4d,0.004341545,78.09999847,TRUE,0.006952255,FALSE,0.018426906,27
1594513024,b8:27:eb:bf:9d:51,0.005029451,50.7,FALSE,0.007732751,FALSE,0.020644832,22.1
1594513026,1c:bf:ce:15:ec:4d,0.004415088,78.09999847,TRUE,0.007037249,FALSE,0.018667642,27
1594513028,00:0f:00:70:91:0a,0.002840089,75.40000153,FALSE,0.005114383,FALSE,0.013274837,19.5
1594513028,b8:27:eb:bf:9d:51,0.005000431,50.7,FALSE,0.007700449,FALSE,0.020552724,22.1
1594513030,1c:bf:ce:15:ec:4d,0.004341545,78.19999695,TRUE,0.006952255,FALSE,0.018426906,27.10000038
1594513032,b8:27:eb:bf:9d:51,0.005014896,50.6,FALSE,0.007716556,FALSE,0.02059865,22.1
1594513035,00:0f:00:70:91:0a,0.002792826,75.40000153,FALSE,0.005052672,FALSE,0.013103809,19.5
1594513035,b8:27:eb:bf:9d:51,0.004994671,50.6,FALSE,0.007694031,FALSE,0.020534428,22.1
1594513036,1c:bf:ce:15:ec:4d,0.004351369,78.09999847,TRUE,0.006963631,FALSE,0.018459116,27
1594513039,b8:27:eb:bf:9d:51,0.004986056,50.6,FALSE,0.007684428,FALSE,0.020507053,22.1
1594513040,00:0f:00:70:91:0a,0.002840089,75.40000153,FALSE,0.005114383,FALSE,0.013274837,19.5
1594513043,b8:27:eb:bf:9d:51,0.005009159,50.5,FALSE,0.007710169,FALSE,0.020580438,22.1
1594513044,1c:bf:ce:15:ec:4d,0.0043751,78,TRUE,0.006991084,FALSE,0.018536861,27
1594513046,b8:27:eb:bf:9d:51,0.005030915,50.5,FALSE,0.007734379,FALSE,0.020649475,22.1
1594513048,1c:bf:ce:15:ec:4d,0.004548873,78.09999847,TRUE,0.007190871,FALSE,0.019103261,27
1594513050,b8:27:eb:bf:9d:51,0.005016397,50.5,FALSE,0.007718227,FALSE,0.020603414,22.1
1594513053,1c:bf:ce:15:ec:4d,0.004604152,78.09999847,TRUE,0.007253979,FALSE,0.019282399,27
1594513054,b8:27:eb:bf:9d:51,0.005044054,50.5,FALSE,0.007748987,FALSE,0.020691137,22.1
1594513056,00:0f:00:70:91:0a,0.002792826,75.19999695,FALSE,0.005052672,FALSE,0.013103809,19.5
1594513057,b8:27:eb:bf:9d:51,0.005023652,50.5,FALSE,0.007726301,FALSE,0.020626438,22.1
1594513061,b8:27:eb:bf:9d:51,0.005013474,50.6,FALSE,0.007714973,FALSE,0.020594137,22.1
1594513063,1c:bf:ce:15:ec:4d,0.004351369,78.09999847,TRUE,0.006963631,FALSE,0.018459116,27
1594513065,b8:27:eb:bf:9d:51,0.005058744,50.6,FALSE,0.007765305,FALSE,0.020737684,22.1
1594513068,1c:bf:ce:15:ec:4d,0.004302587,78.30000305,TRUE,0.00690707,FALSE,0.018299006,27
1594513068,b8:27:eb:bf:9d:51,0.005007697,50.6,FALSE,0.007708541,FALSE,0.020575797,22.1
1594513069,00:0f:00:70:91:0a,0.002840089,75.09999847,FALSE,0.005114383,FALSE,0.013274837,19.5
1594513072,b8:27:eb:bf:9d:51,0.00507947,50.7,FALSE,0.007788308,FALSE,0.020803309,22.1
1594513074,00:0f:00:70:91:0a,0.002840089,75.09999847,FALSE,0.005114383,FALSE,0.013274837,19.5
1594513074,1c:bf:ce:15:ec:4d,0.00444965,78.30000305,TRUE,0.007077058,FALSE,0.018780466,27
1594513076,b8:27:eb:bf:9d:51,0.005020725,50.7,FALSE,0.007723043,FALSE,0.020617148,22.2
1594513078,00:0f:00:70:91:0a,0.002840089,75.09999847,FALSE,0.005114383,FALSE,0.013274837,19.5
1594513080,b8:27:eb:bf:9d:51,0.005052864,50.7,FALSE,0.007758775,FALSE,0.020719057,22.1
1594513080,1c:bf:ce:15:ec:4d,0.004351369,78.30000305,TRUE,0.006963631,FALSE,0.018459116,27
1594513083,00:0f:00:70:91:0a,0.002840089,62.29999924,FALSE,0.005114383,FALSE,0.013274837,19.5
1594513083,b8:27:eb:bf:9d:51,0.005035299,50.7,FALSE,0.007739255,FALSE,0.020663379,22.2
1594513085,1c:bf:ce:15:ec:4d,0.004439323,78.30000305,TRUE,0.007065172,FALSE,0.018746775,27
1594513087,00:0f:00:70:91:0a,0.002840089,75.09999847,FALSE,0.005114383,FALSE,0.013274837,19.5
1594513087,b8:27:eb:bf:9d:51,0.005016439,50.7,FALSE,0.007718274,FALSE,0.020603548,22.2
1594513090,00:0f:00:70:91:0a,0.002700983,75.19999695,FALSE,0.004931918,FALSE,0.012769561,19.5
1594513091,b8:27:eb:bf:9d:51,0.005039661,50.6,FALSE,0.007744104,FALSE,0.020677211,22.2
1594513091,1c:bf:ce:15:ec:4d,0.004391004,78.19999695,TRUE,0.007009459,FALSE,0.018588908,27
1594513094,b8:27:eb:bf:9d:51,0.005020725,50.6,FALSE,0.007723043,FALSE,0.020617148,22.2
1594513097,00:0f:00:70:91:0a,0.002840089,75.19999695,FALSE,0.005114383,FALSE,0.013274837,19.5
1594513097,1c:bf:ce:15:ec:4d,0.004439323,78.09999847,TRUE,0.007065172,FALSE,0.018746775,27
1594513098,b8:27:eb:bf:9d:51,0.005006199,50.5,FALSE,0.007706873,FALSE,0.02057104,22.2
1594513102,b8:27:eb:bf:9d:51,0.005000431,50.4,FALSE,0.007700449,FALSE,0.020552724,22.2
1594513102,00:0f:00:70:91:0a,0.002840089,75.30000305,FALSE,0.005114383,FALSE,0.013274837,19.5
1594513105,b8:27:eb:bf:9d:51,0.005020725,50.3,FALSE,0.007723043,FALSE,0.020617148,22.2
1594513106,1c:bf:ce:15:ec:4d,0.004484293,78,TRUE,0.007116874,FALSE,0.018893351,27
1594513107,00:0f:00:70:91:0a,0.002792826,75.30000305,FALSE,0.005052672,FALSE,0.013103809,19.5
1594513109,b8:27:eb:bf:9d:51,0.005025115,50.3,FALSE,0.007727928,FALSE,0.020631076,22.2
1594513112,1c:bf:ce:15:ec:4d,0.004498747,77.90000153,TRUE,0.007133461,FALSE,0.01894039,27
1594513113,b8:27:eb:bf:9d:51,0.005000473,50.2,FALSE,0.007700495,FALSE,0.020552857,22.2
1594513115,00:0f:00:70:91:0a,0.002792826,75.30000305,FALSE,0.005052672,FALSE,0.013103809,19.5
1594513116,b8:27:eb:bf:9d:51,0.005017899,50.2,FALSE,0.007719898,FALSE,0.02060818,22.2
1594513117,1c:bf:ce:15:ec:4d,0.004341545,78.09999847,TRUE,0.006952255,FALSE,0.018426906,27
1594513120,b8:27:eb:bf:9d:51,0.005030957,50.3,FALSE,0.007734426,FALSE,0.020649609,22.2
1594513121,1c:bf:ce:15:ec:4d,0.004391004,77.90000153,TRUE,0.007009459,FALSE,0.018588908,27
1594513124,b8:27:eb:bf:9d:51,0.004986067,50.4,FALSE,0.007684441,FALSE,0.020507089,22.3
1594513126,1c:bf:ce:15:ec:4d,0.004423184,77.90000153,TRUE,0.007046582,FALSE,0.018694089,27
1594513127,b8:27:eb:bf:9d:51,0.005001927,50.4,FALSE,0.007702115,FALSE,0.020557476,22.2
1594513129,1c:bf:ce:15:ec:4d,0.004349402,77.90000153,TRUE,0.006961354,FALSE,0.018452669,27
1594513131,b8:27:eb:bf:9d:51,0.005007697,50.5,FALSE,0.007708541,FALSE,0.020575797,22.2
1594513133,00:0f:00:70:91:0a,0.002840089,75.09999847,FALSE,0.005114383,FALSE,0.013274837,19.5
1594513133,1c:bf:ce:15:ec:4d,0.004596734,78,TRUE,0.007245524,FALSE,0.01925839,27
1594513135,b8:27:eb:bf:9d:51,0.00501782,50.7,FALSE,0.00771981,FALSE,0.02060793,22.2
1594513139,b8:27:eb:bf:9d:51,0.00502361,51,FALSE,0.007726254,FALSE,0.020626304,22.2
1594513139,00:0f:00:70:91:0a,0.002840089,75.09999847,FALSE,0.005114383,FALSE,0.013274837,19.5
1594513142,b8:27:eb:bf:9d:51,0.005029451,51.1,FALSE,0.007732751,FALSE,0.020644832,22.2
1594513144,1c:bf:ce:15:ec:4d,0.004237585,78,TRUE,0.006831423,FALSE,0.018085011,27
1594513144,00:0f:00:70:91:0a,0.002792826,75.19999695,FALSE,0.005052672,FALSE,0.013103809,19.5
1594513146,b8:27:eb:bf:9d:51,0.005009117,51.2,FALSE,0.007710122,FALSE,0.020580305,22.2
1594513150,b8:27:eb:bf:9d:51,0.005009117,51.3,FALSE,0.007710122,FALSE,0.020580305,22.2
1594513152,1c:bf:ce:15:ec:4d,0.004245145,77.90000153,TRUE,0.006840238,FALSE,0.018109938,27
1594513153,b8:27:eb:bf:9d:51,0.005020767,51.4,FALSE,0.00772309,FALSE,0.020617282,22.2
1594513154,00:0f:00:70:91:0a,0.002792826,75.30000305,FALSE,0.005052672,FALSE,0.013103809,19.5
1594513156,1c:bf:ce:15:ec:4d,0.004302587,77.90000153,TRUE,0.00690707,FALSE,0.018299006,27
1594513157,b8:27:eb:bf:9d:51,0.005003514,51.4,FALSE,0.007703883,FALSE,0.020562515,22.2
1594513159,00:0f:00:70:91:0a,0.002840089,75.30000305,FALSE,0.005114383,FALSE,0.013274837,19.5
1594513161,b8:27:eb:bf:9d:51,0.004984649,51.4,FALSE,0.00768286,FALSE,0.020502582,22.2
1594513164,00:0f:00:70:91:0a,0.002792826,75.40000153,FALSE,0.005052672,FALSE,0.013103809,19.5
1594513164,b8:27:eb:bf:9d:51,0.005020725,51.3,FALSE,0.007723043,FALSE,0.020617148,22.2
1594513166,1c:bf:ce:15:ec:4d,0.004451498,77.90000153,TRUE,0.007079184,FALSE,0.018786491,27
1594513168,b8:27:eb:bf:9d:51,0.004990367,51.3,FALSE,0.007689234,FALSE,0.020520753,22.3
1594513169,00:0f:00:70:91:0a,0.002840089,75.40000153,FALSE,0.005114383,FALSE,0.013274837,19.5
1594513170,1c:bf:ce:15:ec:4d,0.0043751,77.90000153,TRUE,0.006991084,FALSE,0.018536861,27
1594513172,b8:27:eb:bf:9d:51,0.005029451,51.2,FALSE,0.007732751,FALSE,0.020644832,22.3
1594513173,00:0f:00:70:91:0a,0.002731428,75.40000153,FALSE,0.00497207,FALSE,0.012880642,19.5
1594513175,b8:27:eb:bf:9d:51,0.005003345,51.2,FALSE,0.007703695,FALSE,0.020561979,22.3
1594513178,1c:bf:ce:15:ec:4d,0.004349402,77.90000153,TRUE,0.006961354,FALSE,0.018452669,27
1594513178,00:0f:00:70:91:0a,0.002746464,75.40000153,FALSE,0.004991855,FALSE,0.012935399,19.5
1594513179,b8:27:eb:bf:9d:51,0.005007824,51.1,FALSE,0.007708682,FALSE,0.020576199,22.3
1594513181,1c:bf:ce:15:ec:4d,0.004351369,78,TRUE,0.006963631,FALSE,0.018459116,27
1594513183,b8:27:eb:bf:9d:51,0.005029451,51.1,FALSE,0.007732751,FALSE,0.020644832,22.3
1594513184,00:0f:00:70:91:0a,0.002840089,75.40000153,FALSE,0.005114383,FALSE,0.013274837,19.5
1594513186,1c:bf:ce:15:ec:4d,0.004318122,78,TRUE,0.006925101,FALSE,0.018350039,27
1594513186,b8:27:eb:bf:9d:51,0.004996205,51,FALSE,0.00769574,FALSE,0.020539301,22.3
1594513190,b8:27:eb:bf:9d:51,0.005032342,50.9,FALSE,0.007735967,FALSE,0.020654002,22.3
1594513191,1c:bf:ce:15:ec:4d,0.004349402,77.90000153,TRUE,0.006961354,FALSE,0.018452669,27
1594513192,00:0f:00:70:91:0a,0.002840089,75.69999695,FALSE,0.005114383,FALSE,0.013274837,19.5
1594513194,b8:27:eb:bf:9d:51,0.005029451,50.8,FALSE,0.007732751,FALSE,0.020644832,22.3
1594513197,b8:27:eb:bf:9d:51,0.00502361,50.6,FALSE,0.007726254,FALSE,0.020626304,22.3
1594513199,00:0f:00:70:91:0a,0.002792826,75.40000153,FALSE,0.005052672,FALSE,0.013103809,19.5
1594513201,b8:27:eb:bf:9d:51,0.005033871,50.5,FALSE,0.007737666,FALSE,0.02065885,22.3
1594513201,1c:bf:ce:15:ec:4d,0.004302587,77.90000153,TRUE,0.00690707,FALSE,0.018299006,27
1594513205,b8:27:eb:bf:9d:51,0.005019322,50.5,FALSE,0.007721483,FALSE,0.020612698,22.3
1594513205,1c:bf:ce:15:ec:4d,0.004351369,77.19999695,TRUE,0.006963631,FALSE,0.018459116,27
1594513206,00:0f:00:70:91:0a,0.002792826,75.40000153,FALSE,0.005052672,FALSE,0.013103809,19.5
1594513208,b8:27:eb:bf:9d:51,0.005022186,50.5,FALSE,0.007724669,FALSE,0.020621784,22.3
1594513209,1c:bf:ce:15:ec:4d,0.004351369,77.90000153,TRUE,0.006963631,FALSE,0.018459116,27
1594513211,00:0f:00:70:91:0a,0.002840089,75.5,FALSE,0.005114383,FALSE,0.013274837,19.5
1594513212,b8:27:eb:bf:9d:51,0.005036765,50.5,FALSE,0.007740884,FALSE,0.020668028,22.3
1594513216,b8:27:eb:bf:9d:51,0.00505143,50.6,FALSE,0.007757182,FALSE,0.020714513,22.3
1594513216,00:0f:00:70:91:0a,0.002746464,75.5,FALSE,0.004991855,FALSE,0.012935399,19.5
1594513220,b8:27:eb:bf:9d:51,0.005036765,50.7,FALSE,0.007740884,FALSE,0.020668028,22.3
1594513222,00:0f:00:70:91:0a,0.002840089,75.5,FALSE,0.005114383,FALSE,0.013274837,19.5
1594513223,b8:27:eb:bf:9d:51,0.005029488,50.7,FALSE,0.007732792,FALSE,0.020644949,22.3
1594513224,1c:bf:ce:15:ec:4d,0.004391004,77.90000153,TRUE,0.007009459,FALSE,0.018588908,27
1594513227,b8:27:eb:bf:9d:51,0.005063156,50.8,FALSE,0.007770204,FALSE,0.020751659,22.3
1594513230,1c:bf:ce:15:ec:4d,0.004367173,77.90000153,TRUE,0.006981918,FALSE,0.018510903,27
1594513231,b8:27:eb:bf:9d:51,0.005044092,50.9,FALSE,0.007749028,FALSE,0.020691255,22.3
1594513234,b8:27:eb:bf:9d:51,0.005061692,50.9,FALSE,0.007768579,FALSE,0.020747022,22.3
1594513234,00:0f:00:70:91:0a,0.002840089,75.40000153,FALSE,0.005114383,FALSE,0.013274837,19.5
1594513235,1c:bf:ce:15:ec:4d,0.004343508,77.80000305,TRUE,0.006954528,FALSE,0.018433343,27
1594513238,b8:27:eb:bf:9d:51,0.005061692,50.8,FALSE,0.007768579,FALSE,0.020747022,22.3
1594513239,1c:bf:ce:15:ec:4d,0.004351369,77.80000305,TRUE,0.006963631,FALSE,0.018459116,27
1594513239,00:0f:00:70:91:0a,0.002792826,75.5,FALSE,0.005052672,FALSE,0.013103809,19.60000038
1594513242,b8:27:eb:bf:9d:51,0.005061692,50.7,FALSE,0.007768579,FALSE,0.020747022,22.3
1594513244,00:0f:00:70:91:0a,0.002792826,75.5,FALSE,0.005052672,FALSE,0.013103809,19.60000038
1594513245,1c:bf:ce:15:ec:4d,0.004351369,78.19999695,TRUE,0.006963631,FALSE,0.018459116,27
1594513245,b8:27:eb:bf:9d:51,0.005061692,50.7,FALSE,0.007768579,FALSE,0.020747022,22.3
1594513249,b8:27:eb:bf:9d:51,0.005060218,50.6,FALSE,0.007766942,FALSE,0.020742353,22.3
1594513249,00:0f:00:70:91:0a,0.002700983,75.5,FALSE,0.004931918,FALSE,0.012769561,19.60000038
1594513251,1c:bf:ce:15:ec:4d,0.004451498,78.59999847,TRUE,0.007079184,FALSE,0.018786491,27
1594513253,b8:27:eb:bf:9d:51,0.005067583,50.6,FALSE,0.007775119,FALSE,0.020765679,22.3
1594513253,00:0f:00:70:91:0a,0.002656364,75.5,FALSE,0.004872844,FALSE,0.012606249,19.5
1594513256,b8:27:eb:bf:9d:51,0.005060218,50.6,FALSE,0.007766942,FALSE,0.020742353,22.3
1594513257,1c:bf:ce:15:ec:4d,0.0043751,78.59999847,TRUE,0.006991084,FALSE,0.018536861,27
1594513257,00:0f:00:70:91:0a,0.002731428,75.5,FALSE,0.00497207,FALSE,0.012880642,19.5
1594513260,b8:27:eb:bf:9d:51,0.005067583,50.6,FALSE,0.007775119,FALSE,0.020765679,22.4
1594513264,b8:27:eb:bf:9d:51,0.005074983,50.6,FALSE,0.00778333,FALSE,0.020789105,22.3
1594513264,1c:bf:ce:15:ec:4d,0.004256563,78.80000305,TRUE,0.006853542,FALSE,0.018147564,27
1594513266,00:0f:00:70:91:0a,0.002792826,75.5,FALSE,0.005052672,FALSE,0.013103809,19.5
1594513267,b8:27:eb:bf:9d:51,0.00506906,50.6,FALSE,0.007776758,FALSE,0.020770355,22.4
1594513268,1c:bf:ce:15:ec:4d,0.004245145,78.80000305,TRUE,0.006840238,FALSE,0.018109938,27
1594513271,b8:27:eb:bf:9d:51,0.005042623,50.7,FALSE,0.007747396,FALSE,0.0206866,22.4
1594513273,1c:bf:ce:15:ec:4d,0.004245145,79,TRUE,0.006840238,FALSE,0.018109938,27
1594513275,00:0f:00:70:91:0a,0.002792826,75.59999847,FALSE,0.005052672,FALSE,0.013103809,19.60000038
1594513275,b8:27:eb:bf:9d:51,0.005073504,50.6,FALSE,0.007781689,FALSE,0.020784424,22.3
1594513278,b8:27:eb:bf:9d:51,0.005089857,50.7,FALSE,0.007799825,FALSE,0.020836172,22.4
1594513279,1c:bf:ce:15:ec:4d,0.004310347,79,TRUE,0.006916078,FALSE,0.018324501,27
1594513280,00:0f:00:70:91:0a,0.002792826,75.69999695,FALSE,0.005052672,FALSE,0.013103809,19.60000038
1594513282,b8:27:eb:bf:9d:51,0.005052902,50.7,FALSE,0.007758817,FALSE,0.020719175,22.4
1594513283,1c:bf:ce:15:ec:4d,0.004341545,78.5,TRUE,0.006952255,FALSE,0.018426906,27
1594513285,00:0f:00:70:91:0a,0.002792826,75.59999847,FALSE,0.005052672,FALSE,0.013103809,19.60000038
1594513286,b8:27:eb:bf:9d:51,0.005036765,50.7,FALSE,0.007740884,FALSE,0.020668028,22.4
1594513288,1c:bf:ce:15:ec:4d,0.004341545,78.30000305,TRUE,0.006952255,FALSE,0.018426906,27
1594513289,b8:27:eb:bf:9d:51,0.00505143,50.7,FALSE,0.007757182,FALSE,0.020714513,22.4
1594513293,00:0f:00:70:91:0a,0.002746464,75.5,FALSE,0.004991855,FALSE,0.012935399,19.5
1594513293,b8:27:eb:bf:9d:51,0.005083914,50.8,FALSE,0.007793236,FALSE,0.020817371,22.4
1594513296,1c:bf:ce:15:ec:4d,0.004310347,78.19999695,TRUE,0.006916078,FALSE,0.018324501,27
1594513297,b8:27:eb:bf:9d:51,0.005054336,50.8,FALSE,0.00776041,FALSE,0.020723721,22.4
1594513299,00:0f:00:70:91:0a,0.002746464,75.59999847,FALSE,0.004991855,FALSE,0.012935399,19.60000038
1594513300,1c:bf:ce:15:ec:4d,0.004341545,78.19999695,TRUE,0.006952255,FALSE,0.018426906,27
1594513301,b8:27:eb:bf:9d:51,0.005082432,50.8,FALSE,0.007791593,FALSE,0.020812683,22.4
1594513303,00:0f:00:70:91:0a,0.002700983,75.59999847,FALSE,0.004931918,FALSE,0.012769561,19.60000038
1594513304,b8:27:eb:bf:9d:51,0.005035299,50.8,FALSE,0.007739255,FALSE,0.020663379,22.3
1594513305,1c:bf:ce:15:ec:4d,0.004279504,78.09999847,TRUE,0.006880243,FALSE,0.018223098,27
1594513307,00:0f:00:70:91:0a,0.002656364,75.59999847,FALSE,0.004872844,FALSE,0.012606249,19.60000038
1594513308,b8:27:eb:bf:9d:51,0.005054336,50.9,FALSE,0.00776041,FALSE,0.020723721,22.4
1594513309,1c:bf:ce:15:ec:4d,0.004291028,78.09999847,TRUE,0.006893641,FALSE,0.018261005,27
1594513310,00:0f:00:70:91:0a,0.002656364,75.59999847,FALSE,0.004872844,FALSE,0.012606249,19.60000038
1594513312,b8:27:eb:bf:9d:51,0.005022228,51,FALSE,0.007724716,FALSE,0.020621918,22.4
1594513313,1c:bf:ce:15:ec:4d,0.004302587,78.09999847,TRUE,0.00690707,FALSE,0.018299006,27
1594513315,b8:27:eb:bf:9d:51,0.005119799,51,FALSE,0.007832991,FALSE,0.020930824,22.4
1594513316,00:0f:00:70:91:0a,0.002792826,75.69999695,FALSE,0.005052672,FALSE,0.013103809,19.60000038
1594513317,1c:bf:ce:15:ec:4d,0.004403027,78,TRUE,0.007023337,FALSE,0.018628225,27
1594513319,b8:27:eb:bf:9d:51,0.005045523,51,FALSE,0.007750619,FALSE,0.020695793,22.4
1594513323,b8:27:eb:bf:9d:51,0.005067583,51.1,FALSE,0.007775119,FALSE,0.020765679,22.4
1594513324,00:0f:00:70:91:0a,0.002746464,75.80000305,FALSE,0.004991855,FALSE,0.012935399,19.60000038
1594513326,b8:27:eb:bf:9d:51,0.005066107,51.1,FALSE,0.00777348,FALSE,0.020761005,22.4
1594513327,1c:bf:ce:15:ec:4d,0.0043751,77.90000153,TRUE,0.006991084,FALSE,0.018536861,27
1594513330,b8:27:eb:bf:9d:51,0.005066107,51.1,FALSE,0.00777348,FALSE,0.020761005,22.4
1594513333,1c:bf:ce:15:ec:4d,0.004351369,77.90000153,TRUE,0.006963631,FALSE,0.018459116,27
1594513333,00:0f:00:70:91:0a,0.002840089,75.80000305,FALSE,0.005114383,FALSE,0.013274837,19.60000038
1594513334,b8:27:eb:bf:9d:51,0.005067583,51.1,FALSE,0.007775119,FALSE,0.020765679,22.4
1594513337,b8:27:eb:bf:9d:51,0.005044092,51.1,FALSE,0.007749028,FALSE,0.020691255,22.4
1594513338,00:0f:00:70:91:0a,0.002840089,75.80000305,FALSE,0.005114383,FALSE,0.013274837,19.60000038
1594513341,b8:27:eb:bf:9d:51,0.005035358,51.1,FALSE,0.00773932,FALSE,0.020663565,22.4
1594513342,00:0f:00:70:91:0a,0.002700983,75.80000305,FALSE,0.004931918,FALSE,0.012769561,19.60000038
1594513342,1c:bf:ce:15:ec:4d,0.004347436,77.90000153,TRUE,0.006959078,FALSE,0.018446224,27
1594513345,b8:27:eb:bf:9d:51,0.005064653,51.1,FALSE,0.007771866,FALSE,0.020756399,22.4
1594513348,1c:bf:ce:15:ec:4d,0.004391004,77.90000153,TRUE,0.007009459,FALSE,0.018588908,27
1594513348,b8:27:eb:bf:9d:51,0.005066188,51.1,FALSE,0.00777357,FALSE,0.02076126,22.4
1594513349,00:0f:00:70:91:0a,0.002746464,74.30000305,FALSE,0.004991855,FALSE,0.012935399,19.60000038
1594513352,b8:27:eb:bf:9d:51,0.005042644,51,FALSE,0.00774742,FALSE,0.020686668,22.4
1594513353,1c:bf:ce:15:ec:4d,0.004318122,77.80000305,TRUE,0.006925101,FALSE,0.018350039,27
1594513354,00:0f:00:70:91:0a,0.002746464,75.90000153,FALSE,0.004991855,FALSE,0.012935399,19.60000038
1594513356,b8:27:eb:bf:9d:51,0.005042623,51,FALSE,0.007747396,FALSE,0.0206866,22.4
1594513358,1c:bf:ce:15:ec:4d,0.004341545,77.80000305,TRUE,0.006952255,FALSE,0.018426906,27
1594513359,b8:27:eb:bf:9d:51,0.005064749,50.9,FALSE,0.007771973,FALSE,0.020756705,22.4
1594513360,00:0f:00:70:91:0a,0.002792826,76,FALSE,0.005052672,FALSE,0.013103809,19.60000038
1594513361,1c:bf:ce:15:ec:4d,0.004359263,77.80000305,TRUE,0.006972767,FALSE,0.018484988,27
1594513363,b8:27:eb:bf:9d:51,0.005049981,51,FALSE,0.007755572,FALSE,0.02070992,22.4
1594513365,1c:bf:ce:15:ec:4d,0.00460206,77.69999695,TRUE,0.007251595,FALSE,0.019275629,26.89999962
1594513367,b8:27:eb:bf:9d:51,0.005061681,50.9,FALSE,0.007768567,FALSE,0.020746988,22.4
1594513367,00:0f:00:70:91:0a,0.002840089,76,FALSE,0.005114383,FALSE,0.013274837,19.60000038
1594513371,b8:27:eb:bf:9d:51,0.005041155,50.9,FALSE,0.007745765,FALSE,0.020681947,22.4
1594513373,1c:bf:ce:15:ec:4d,0.004484293,78.30000305,TRUE,0.007116874,FALSE,0.018893351,27
1594513373,00:0f:00:70:91:0a,0.002700983,75.80000305,FALSE,0.004931918,FALSE,0.012769561,19.5
1594513374,b8:27:eb:bf:9d:51,0.005063156,50.9,FALSE,0.007770204,FALSE,0.020751659,22.4
1594513377,1c:bf:ce:15:ec:4d,0.004391004,77.90000153,TRUE,0.007009459,FALSE,0.018588908,27
1594513377,00:0f:00:70:91:0a,0.002746464,75.90000153,FALSE,0.004991855,FALSE,0.012935399,19.60000038
1594513378,b8:27:eb:bf:9d:51,0.005058744,50.9,FALSE,0.007765305,FALSE,0.020737684,22.4
1594513382,b8:27:eb:bf:9d:51,0.005079433,50.9,FALSE,0.007788266,FALSE,0.02080319,22.4
1594513384,00:0f:00:70:91:0a,0.002656364,75.90000153,FALSE,0.004872844,FALSE,0.012606249,19.60000038
1594513386,b8:27:eb:bf:9d:51,0.00504556,50.9,FALSE,0.007750661,FALSE,0.020695911,22.4
1594513386,1c:bf:ce:15:ec:4d,0.004459671,77.80000305,TRUE,0.007088583,FALSE,0.018813138,27
1594513389,b8:27:eb:bf:9d:51,0.00506906,50.8,FALSE,0.007776758,FALSE,0.020770355,22.4
1594513391,1c:bf:ce:15:ec:4d,0.004534184,77.69999695,TRUE,0.007174065,FALSE,0.019055575,27
1594513393,b8:27:eb:bf:9d:51,0.005049959,50.8,FALSE,0.007755548,FALSE,0.020709852,22.4
1594513394,00:0f:00:70:91:0a,0.002746464,75.80000305,FALSE,0.004991855,FALSE,0.012935399,19.60000038
1594513397,b8:27:eb:bf:9d:51,0.005044092,50.8,FALSE,0.007749028,FALSE,0.020691255,22.4
1594513399,00:0f:00:70:91:0a,0.002777498,75.80000305,FALSE,0.005032597,FALSE,0.013048202,19.60000038
1594513400,b8:27:eb:bf:9d:51,0.005066107,50.8,FALSE,0.00777348,FALSE,0.020761005,22.4
1594513402,1c:bf:ce:15:ec:4d,0.004341545,77.69999695,TRUE,0.006952255,FALSE,0.018426906,27
1594513404,b8:27:eb:bf:9d:51,0.005066107,50.9,FALSE,0.00777348,FALSE,0.020761005,22.4
1594513407,00:0f:00:70:91:0a,0.002746464,75.80000305,FALSE,0.004991855,FALSE,0.012935399,19.60000038
1594513408,b8:27:eb:bf:9d:51,0.005077952,51,FALSE,0.007786624,FALSE,0.020798505,22.5
1594513409,1c:bf:ce:15:ec:4d,0.004555267,77.69999695,TRUE,0.007198182,FALSE,0.019124007,27
1594513411,b8:27:eb:bf:9d:51,0.005082432,51,FALSE,0.007791593,FALSE,0.020812683,22.4
1594513412,00:0f:00:70:91:0a,0.002700983,75.80000305,FALSE,0.004931918,FALSE,0.012769561,19.60000038
1594513413,1c:bf:ce:15:ec:4d,0.004517817,77.69999695,TRUE,0.007155323,FALSE,0.019002401,27
1594513415,b8:27:eb:bf:9d:51,0.005042682,51,FALSE,0.007747461,FALSE,0.020686786,22.4
1594513418,1c:bf:ce:15:ec:4d,0.004451498,77.80000305,TRUE,0.007079184,FALSE,0.018786491,27
1594513419,b8:27:eb:bf:9d:51,0.005057271,51.1,FALSE,0.007763669,FALSE,0.020733017,22.5
1594513422,1c:bf:ce:15:ec:4d,0.004349402,77.90000153,TRUE,0.006961354,FALSE,0.018452669,27
1594513422,b8:27:eb:bf:9d:51,0.005064653,51.1,FALSE,0.007771866,FALSE,0.020756399,22.4
1594513423,00:0f:00:70:91:0a,0.002840089,75.80000305,FALSE,0.005114383,FALSE,0.013274837,19.60000038
1594513426,b8:27:eb:bf:9d:51,0.005066128,51.1,FALSE,0.007773504,FALSE,0.020761073,22.4
1594513428,00:0f:00:70:91:0a,0.002840089,75.80000305,FALSE,0.005114383,FALSE,0.013274837,19.60000038
1594513428,1c:bf:ce:15:ec:4d,0.004302587,77.90000153,TRUE,0.00690707,FALSE,0.018299006,27
1594513430,b8:27:eb:bf:9d:51,0.005066107,51.1,FALSE,0.00777348,FALSE,0.020761005,22.4
1594513433,00:0f:00:70:91:0a,0.002656364,75.40000153,FALSE,0.004872844,FALSE,0.012606249,19.60000038
1594513433,b8:27:eb:bf:9d:51,0.00506906,51.2,FALSE,0.007776758,FALSE,0.020770355,22.5
1594513436,1c:bf:ce:15:ec:4d,0.004391004,77.80000305,TRUE,0.007009459,FALSE,0.018588908,27
1594513437,b8:27:eb:bf:9d:51,0.005032406,51.2,FALSE,0.007736037,FALSE,0.020654204,22.5
1594513441,b8:27:eb:bf:9d:51,0.005049922,51.2,FALSE,0.007755507,FALSE,0.020709734,22.5
1594513441,1c:bf:ce:15:ec:4d,0.0043751,77.80000305,TRUE,0.006991084,FALSE,0.018536861,27
1594513444,b8:27:eb:bf:9d:51,0.005035358,51.1,FALSE,0.00773932,FALSE,0.020663565,22.4
1594513445,1c:bf:ce:15:ec:4d,0.004383044,77.80000305,TRUE,0.007000264,FALSE,0.018562862,27
1594513445,00:0f:00:70:91:0a,0.002792826,75.80000305,FALSE,0.005052672,FALSE,0.013103809,19.60000038
1594513448,b8:27:eb:bf:9d:51,0.005060218,51.2,FALSE,0.007766942,FALSE,0.020742353,22.5
1594513449,1c:bf:ce:15:ec:4d,0.004443447,77.90000153,TRUE,0.007069919,FALSE,0.01876023,27
1594513451,00:0f:00:70:91:0a,0.002746464,75.80000305,FALSE,0.004991855,FALSE,0.012935399,19.60000038
1594513452,b8:27:eb:bf:9d:51,0.005051452,51.2,FALSE,0.007757206,FALSE,0.020714581,22.5
1594513455,b8:27:eb:bf:9d:51,0.005044092,51.1,FALSE,0.007749028,FALSE,0.020691255,22.5
1594513459,00:0f:00:70:91:0a,0.002840089,75.80000305,FALSE,0.005114383,FALSE,0.013274837,19.60000038
1594513459,b8:27:eb:bf:9d:51,0.005051393,51.1,FALSE,0.007757141,FALSE,0.020714395,22.5
1594513460,1c:bf:ce:15:ec:4d,0.004302587,78,TRUE,0.00690707,FALSE,0.018299006,26.89999962
1594513463,b8:27:eb:bf:9d:51,0.00506906,51.1,FALSE,0.007776758,FALSE,0.020770355,22.5
1594513463,00:0f:00:70:91:0a,0.002700983,75.80000305,FALSE,0.004931918,FALSE,0.012769561,19.60000038
1594513464,1c:bf:ce:15:ec:4d,0.004347436,78,TRUE,0.006959078,FALSE,0.018446224,27
1594513467,b8:27:eb:bf:9d:51,0.005017841,51.1,FALSE,0.007719834,FALSE,0.020607997,22.5
1594513469,00:0f:00:70:91:0a,0.002700983,75.80000305,FALSE,0.004931918,FALSE,0.012769561,19.60000038
1594513470,b8:27:eb:bf:9d:51,0.005042623,51.1,FALSE,0.007747396,FALSE,0.0206866,22.5
1594513471,1c:bf:ce:15:ec:4d,0.004268016,78.19999695,TRUE,0.006866877,FALSE,0.018185284,27
1594513473,00:0f:00:70:91:0a,0.002700983,75.80000305,FALSE,0.004931918,FALSE,0.012769561,19.60000038
1594513474,b8:27:eb:bf:9d:51,0.005072026,51.1,FALSE,0.007780049,FALSE,0.020779745,22.5
1594513475,1c:bf:ce:15:ec:4d,0.004351369,78.30000305,TRUE,0.006963631,FALSE,0.018459116,27
1594513477,00:0f:00:70:91:0a,0.002656364,75.90000153,FALSE,0.004872844,FALSE,0.012606249,19.60000038
1594513478,b8:27:eb:bf:9d:51,0.005036807,51.2,FALSE,0.007740932,FALSE,0.020668162,22.5
1594513479,1c:bf:ce:15:ec:4d,0.004231942,78.30000305,TRUE,0.006824841,FALSE,0.018066399,27
1594513481,b8:27:eb:bf:9d:51,0.005058765,51.2,FALSE,0.007765329,FALSE,0.020737752,22.5
1594513483,00:0f:00:70:91:0a,0.002656364,75.80000305,FALSE,0.004872844,FALSE,0.012606249,19.60000038
1594513485,b8:27:eb:bf:9d:51,0.005044092,51.2,FALSE,0.007749028,FALSE,0.020691255,22.5
1594513485,1c:bf:ce:15:ec:4d,0.004237585,78.80000305,TRUE,0.006831423,FALSE,0.018085011,27
1594513487,00:0f:00:70:91:0a,0.002656364,75.90000153,FALSE,0.004872844,FALSE,0.012606249,19.60000038
1594513489,b8:27:eb:bf:9d:51,0.00502361,50.2,FALSE,0.007726254,FALSE,0.020626304,22.5
1594513491,00:0f:00:70:91:0a,0.002612589,75.90000153,FALSE,0.004814621,FALSE,0.012445419,19.60000038
1594513492,1c:bf:ce:15:ec:4d,0.004343508,78.40000153,TRUE,0.006954528,FALSE,0.018433343,26.89999962
1594513492,b8:27:eb:bf:9d:51,0.005064631,51.2,FALSE,0.007771842,FALSE,0.020756331,22.5
1594513496,b8:27:eb:bf:9d:51,0.005066107,51.2,FALSE,0.00777348,FALSE,0.020761005,22.5
1594513497,1c:bf:ce:15:ec:4d,0.004245145,78.30000305,TRUE,0.006840238,FALSE,0.018109938,27
1594513497,00:0f:00:70:91:0a,0.002612589,75.90000153,FALSE,0.004814621,FALSE,0.012445419,19.60000038
1594513500,b8:27:eb:bf:9d:51,0.005029488,51.2,FALSE,0.007732792,FALSE,0.020644949,22.5
1594513503,1c:bf:ce:15:ec:4d,0.004343508,78.09999847,TRUE,0.006954528,FALSE,0.018433343,27
1594513503,b8:27:eb:bf:9d:51,0.005044092,51.2,FALSE,0.007749028,FALSE,0.020691255,22.5
1594513507,b8:27:eb:bf:9d:51,0.005055798,51.1,FALSE,0.007762034,FALSE,0.020728351,22.5
1594513510,1c:bf:ce:15:ec:4d,0.004256563,78.09999847,TRUE,0.006853542,FALSE,0.018147564,27
1594513511,b8:27:eb:bf:9d:51,0.005067583,51.2,FALSE,0.007775119,FALSE,0.020765679,22.5
1594513513,00:0f:00:70:91:0a,0.002746464,75.80000305,FALSE,0.004991855,FALSE,0.012935399,19.60000038
1594513514,b8:27:eb:bf:9d:51,0.005039661,51.2,FALSE,0.007744104,FALSE,0.020677211,22.5
1594513516,1c:bf:ce:15:ec:4d,0.004333721,78,TRUE,0.006943189,FALSE,0.018401241,26.89999962
1594513518,b8:27:eb:bf:9d:51,0.005042623,51.1,FALSE,0.007747396,FALSE,0.0206866,22.5
1594513518,00:0f:00:70:91:0a,0.002746464,75.80000305,FALSE,0.004991855,FALSE,0.012935399,19.60000038
1594513522,b8:27:eb:bf:9d:51,0.005066107,51.1,FALSE,0.00777348,FALSE,0.020761005,22.5
1594513524,00:0f:00:70:91:0a,0.002656364,76,FALSE,0.004872844,FALSE,0.012606249,19.60000038
1594513525,1c:bf:ce:15:ec:4d,0.004283407,77.90000153,TRUE,0.006884782,FALSE,0.018235939,27
1594513526,b8:27:eb:bf:9d:51,0.00504556,51.1,FALSE,0.007750661,FALSE,0.020695911,22.5
1594513529,00:0f:00:70:91:0a,0.002656364,75.80000305,FALSE,0.004872844,FALSE,0.012606249,19.60000038
1594513529,b8:27:eb:bf:9d:51,0.005066107,51.1,FALSE,0.00777348,FALSE,0.020761005,22.5
1594513530,1c:bf:ce:15:ec:4d,0.004333721,78,TRUE,0.006943189,FALSE,0.018401241,27
1594513532,00:0f:00:70:91:0a,0.002700983,76,FALSE,0.004931918,FALSE,0.012769561,19.60000038
1594513533,b8:27:eb:bf:9d:51,0.005049959,51.1,FALSE,0.007755548,FALSE,0.020709852,22.5
1594513535,1c:bf:ce:15:ec:4d,0.004245145,78.09999847,TRUE,0.006840238,FALSE,0.018109938,26.89999962
1594513537,b8:27:eb:bf:9d:51,0.005036765,51.1,FALSE,0.007740884,FALSE,0.020668028,22.5
1594513538,00:0f:00:70:91:0a,0.002612589,75.80000305,FALSE,0.004814621,FALSE,0.012445419,19.60000038
1594513540,b8:27:eb:bf:9d:51,0.005045603,51.1,FALSE,0.007750708,FALSE,0.020696045,22.5
1594513544,b8:27:eb:bf:9d:51,0.005058744,51.1,FALSE,0.007765305,FALSE,0.020737684,22.5
1594513545,00:0f:00:70:91:0a,0.002700983,75.80000305,FALSE,0.004931918,FALSE,0.012769561,19.60000038
1594513547,1c:bf:ce:15:ec:4d,0.004351369,78.19999695,TRUE,0.006963631,FALSE,0.018459116,27
1594513548,b8:27:eb:bf:9d:51,0.005067583,51.1,FALSE,0.007775119,FALSE,0.020765679,22.5
1594513551,b8:27:eb:bf:9d:51,0.005066107,51.1,FALSE,0.00777348,FALSE,0.020761005,22.5
1594513552,00:0f:00:70:91:0a,0.002700983,75.80000305,FALSE,0.004931918,FALSE,0.012769561,19.60000038
1594513552,1c:bf:ce:15:ec:4d,0.004341545,78.30000305,TRUE,0.006952255,FALSE,0.018426906,27
1594513555,b8:27:eb:bf:9d:51,0.005066107,51.1,FALSE,0.00777348,FALSE,0.020761005,22.5
1594513556,1c:bf:ce:15:ec:4d,0.004685113,78.30000305,TRUE,0.007346031,FALSE,0.019543886,27
1594513557,00:0f:00:70:91:0a,0.002656364,76,FALSE,0.004872844,FALSE,0.012606249,19.60000038
1594513559,b8:27:eb:bf:9d:51,0.005052864,51.1,FALSE,0.007758775,FALSE,0.020719057,22.5
1594513561,1c:bf:ce:15:ec:4d,0.004302587,78.19999695,TRUE,0.00690707,FALSE,0.018299006,27
1594513562,b8:27:eb:bf:9d:51,0.005055798,51.1,FALSE,0.007762034,FALSE,0.020728351,22.5
1594513565,00:0f:00:70:91:0a,0.002671356,75.80000305,FALSE,0.004892723,FALSE,0.01266119,19.60000038
1594513566,b8:27:eb:bf:9d:51,0.005069141,51.2,FALSE,0.007776847,FALSE,0.020770611,22.5
1594513567,1c:bf:ce:15:ec:4d,0.004302587,78,TRUE,0.00690707,FALSE,0.018299006,26.89999962
1594513570,b8:27:eb:bf:9d:51,0.00506906,51.2,FALSE,0.007776758,FALSE,0.020770355,22.5
1594513573,00:0f:00:70:91:0a,0.002656364,75.80000305,FALSE,0.004872844,FALSE,0.012606249,19.60000038
1594513573,1c:bf:ce:15:ec:4d,0.004403027,77.90000153,TRUE,0.007023337,FALSE,0.018628225,27
1594513573,b8:27:eb:bf:9d:51,0.005029488,51.2,FALSE,0.007732792,FALSE,0.020644949,22.5
1594513577,b8:27:eb:bf:9d:51,0.005080951,51.2,FALSE,0.00778995,FALSE,0.020807995,22.5
1594513578,00:0f:00:70:91:0a,0.002656364,75.80000305,FALSE,0.004872844,FALSE,0.012606249,19.60000038
1594513580,1c:bf:ce:15:ec:4d,0.004291028,77.80000305,TRUE,0.006893641,FALSE,0.018261005,27
1594513581,b8:27:eb:bf:9d:51,0.005052864,51.1,FALSE,0.007758775,FALSE,0.020719057,22.5
1594513585,b8:27:eb:bf:9d:51,0.005048489,51.1,FALSE,0.007753915,FALSE,0.020705193,22.5
1594513585,1c:bf:ce:15:ec:4d,0.004207499,77.69999695,TRUE,0.006796302,FALSE,0.017985713,26.89999962
1594513587,00:0f:00:70:91:0a,0.002746464,75.80000305,FALSE,0.004991855,FALSE,0.012935399,19.60000038
1594513588,b8:27:eb:bf:9d:51,0.005049922,51.1,FALSE,0.007755507,FALSE,0.020709734,22.5
1594513591,1c:bf:ce:15:ec:4d,0.004279504,77.90000153,TRUE,0.006880243,FALSE,0.018223098,27
1594513591,00:0f:00:70:91:0a,0.002731428,75.80000305,FALSE,0.00497207,FALSE,0.012880642,19.60000038
1594513592,b8:27:eb:bf:9d:51,0.005036802,51.1,FALSE,0.007740926,FALSE,0.020668145,22.5
1594513596,b8:27:eb:bf:9d:51,0.005066107,51.1,FALSE,0.00777348,FALSE,0.020761005,22.5
1594513596,1c:bf:ce:15:ec:4d,0.004245145,77.80000305,TRUE,0.006840238,FALSE,0.018109938,26.89999962
1594513597,00:0f:00:70:91:0a,0.002656364,75.80000305,FALSE,0.004872844,FALSE,0.012606249,19.70000076
1594513599,b8:27:eb:bf:9d:51,0.005066107,51.1,FALSE,0.00777348,FALSE,0.020761005,22.5
1594513603,1c:bf:ce:15:ec:4d,0.004302587,77.90000153,TRUE,0.00690707,FALSE,0.018299006,27
1594513603,b8:27:eb:bf:9d:51,0.005042623,51.1,FALSE,0.007747396,FALSE,0.0206866,22.5
1594513603,00:0f:00:70:91:0a,0.002824463,75.69999695,FALSE,0.005094012,FALSE,0.013218364,19.60000038
1594513607,b8:27:eb:bf:9d:51,0.005058744,51.1,FALSE,0.007765305,FALSE,0.020737684,22.5
1594513608,00:0f:00:70:91:0a,0.002700983,63,FALSE,0.004931918,FALSE,0.012769561,6.800000191
1594513611,b8:27:eb:bf:9d:51,0.005041155,51.1,FALSE,0.007745765,FALSE,0.020681947,22.5
1594513611,1c:bf:ce:15:ec:4d,0.004279504,77.90000153,TRUE,0.006880243,FALSE,0.018223098,27
1594513613,00:0f:00:70:91:0a,0.002746464,75.80000305,FALSE,0.004991855,FALSE,0.012935399,19.60000038
1594513614,b8:27:eb:bf:9d:51,0.005052864,51.1,FALSE,0.007758775,FALSE,0.020719057,22.5
1594513617,00:0f:00:70:91:0a,0.002656364,76,FALSE,0.004872844,FALSE,0.012606249,19.60000038
1594513618,b8:27:eb:bf:9d:51,0.005058744,51.1,FALSE,0.007765305,FALSE,0.020737684,22.5
1594513621,00:0f:00:70:91:0a,0.002612589,75.90000153,FALSE,0.004814621,FALSE,0.012445419,19.60000038
1594513622,b8:27:eb:bf:9d:51,0.005066107,51.1,FALSE,0.00777348,FALSE,0.020761005,22.5
1594513625,b8:27:eb:bf:9d:51,0.00505143,51.1,FALSE,0.007757182,FALSE,0.020714513,22.5
1594513627,1c:bf:ce:15:ec:4d,0.004302587,77.69999695,TRUE,0.00690707,FALSE,0.018299006,27
1594513628,00:0f:00:70:91:0a,0.002700983,76,FALSE,0.004931918,FALSE,0.012769561,19.60000038
1594513629,b8:27:eb:bf:9d:51,0.005044092,51.1,FALSE,0.007749028,FALSE,0.020691255,22.5
1594513631,1c:bf:ce:15:ec:4d,0.004302587,77.69999695,TRUE,0.00690707,FALSE,0.018299006,27
1594513632,00:0f:00:70:91:0a,0.002700983,76,FALSE,0.004931918,FALSE,0.012769561,19.60000038
1594513633,b8:27:eb:bf:9d:51,0.005039746,51.1,FALSE,0.007744199,FALSE,0.02067748,22.5
1594513635,1c:bf:ce:15:ec:4d,0.004302587,77.69999695,TRUE,0.00690707,FALSE,0.018299006,27
1594513636,b8:27:eb:bf:9d:51,0.005057271,51.1,FALSE,0.007763669,FALSE,0.020733017,22.5
1594513639,1c:bf:ce:15:ec:4d,0.004310347,77.69999695,TRUE,0.006916078,FALSE,0.018324501,27
1594513640,b8:27:eb:bf:9d:51,0.00505143,51.1,FALSE,0.007757182,FALSE,0.020714513,22.5
1594513644,b8:27:eb:bf:9d:51,0.005036765,51.1,FALSE,0.007740884,FALSE,0.020668028,22.5
1594513644,00:0f:00:70:91:0a,0.002746464,75.90000153,FALSE,0.004991855,FALSE,0.012935399,19.60000038
1594513645,1c:bf:ce:15:ec:4d,0.004237585,77.69999695,TRUE,0.006831423,FALSE,0.018085011,27
1594513647,b8:27:eb:bf:9d:51,0.005052864,51.1,FALSE,0.007758775,FALSE,0.020719057,22.5
1594513649,00:0f:00:70:91:0a,0.002656364,75.90000153,FALSE,0.004872844,FALSE,0.012606249,19.60000038
1594513651,1c:bf:ce:15:ec:4d,0.004345471,77.69999695,TRUE,0.006956802,FALSE,0.018439782,27
1594513651,b8:27:eb:bf:9d:51,0.005055798,51.1,FALSE,0.007762034,FALSE,0.020728351,22.5
1594513654,00:0f:00:70:91:0a,0.002700983,76,FALSE,0.004931918,FALSE,0.012769561,19.70000076
1594513655,b8:27:eb:bf:9d:51,0.005052902,51.1,FALSE,0.007758817,FALSE,0.020719175,22.5
1594513658,00:0f:00:70:91:0a,0.002656364,76.30000305,FALSE,0.004872844,FALSE,0.012606249,19.60000038
1594513658,b8:27:eb:bf:9d:51,0.005057271,51.1,FALSE,0.007763669,FALSE,0.020733017,22.5
1594513662,1c:bf:ce:15:ec:4d,0.004407077,77.59999847,TRUE,0.00702801,FALSE,0.018641466,27
1594513662,b8:27:eb:bf:9d:51,0.005023689,51.1,FALSE,0.007726342,FALSE,0.020626555,22.5
1594513664,00:0f:00:70:91:0a,0.002656364,76.09999847,FALSE,0.004872844,FALSE,0.012606249,19.70000076
1594513666,b8:27:eb:bf:9d:51,0.005017841,51.1,FALSE,0.007719834,FALSE,0.020607997,22.5
1594513667,1c:bf:ce:15:ec:4d,0.004291028,77.59999847,TRUE,0.006893641,FALSE,0.018261005,27
1594513668,00:0f:00:70:91:0a,0.002656364,76,FALSE,0.004872844,FALSE,0.012606249,19.60000038
1594513670,b8:27:eb:bf:9d:51,0.005057271,51.1,FALSE,0.007763669,FALSE,0.020733017,22.6
1594513673,00:0f:00:70:91:0a,0.002612589,76.09999847,FALSE,0.004814621,FALSE,0.012445419,19.70000076
1594513673,b8:27:eb:bf:9d:51,0.005038232,51.1,FALSE,0.007742515,FALSE,0.020672677,22.6
1594513674,1c:bf:ce:15:ec:4d,0.004333721,77.59999847,TRUE,0.006943189,FALSE,0.018401241,27
1594513677,b8:27:eb:bf:9d:51,0.005019357,51.1,FALSE,0.007721521,FALSE,0.020612807,22.6
1594513677,00:0f:00:70:91:0a,0.002612589,76.09999847,FALSE,0.004814621,FALSE,0.012445419,19.60000038
1594513680,1c:bf:ce:15:ec:4d,0.004343508,77.59999847,TRUE,0.006954528,FALSE,0.018433343,26.89999962
1594513681,b8:27:eb:bf:9d:51,0.005060218,51.1,FALSE,0.007766942,FALSE,0.020742353,22.5
1594513684,b8:27:eb:bf:9d:51,0.005060218,51,FALSE,0.007766942,FALSE,0.020742353,22.5
1594513685,00:0f:00:70:91:0a,0.002612589,76.09999847,FALSE,0.004814621,FALSE,0.012445419,19.60000038
1594513687,1c:bf:ce:15:ec:4d,0.004351369,77.69999695,TRUE,0.006963631,FALSE,0.018459116,27
1594513688,b8:27:eb:bf:9d:51,0.005060218,51,FALSE,0.007766942,FALSE,0.020742353,22.5
1594513691,1c:bf:ce:15:ec:4d,0.004310347,77.69999695,TRUE,0.006916078,FALSE,0.018324501,27
1594513692,b8:27:eb:bf:9d:51,0.005036807,51.1,FALSE,0.007740932,FALSE,0.020668162,22.6
1594513694,00:0f:00:70:91:0a,0.002700983,76.19999695,FALSE,0.004931918,FALSE,0.012769561,19.70000076
1594513695,b8:27:eb:bf:9d:51,0.005052864,51.1,FALSE,0.007758775,FALSE,0.020719057,22.5
1594513696,1c:bf:ce:15:ec:4d,0.0043751,78,TRUE,0.006991084,FALSE,0.018536861,27
1594513699,b8:27:eb:bf:9d:51,0.005041155,51.1,FALSE,0.007745765,FALSE,0.020681947,22.5
1594513701,1c:bf:ce:15:ec:4d,0.004343508,78,TRUE,0.006954528,FALSE,0.018433343,27
1594513703,b8:27:eb:bf:9d:51,0.005066107,51.1,FALSE,0.00777348,FALSE,0.020761005,22.5
1594513703,00:0f:00:70:91:0a,0.002746464,76.09999847,FALSE,0.004991855,FALSE,0.012935399,19.70000076
1594513706,b8:27:eb:bf:9d:51,0.005057329,51.1,FALSE,0.007763735,FALSE,0.020733203,22.6
1594513708,00:0f:00:70:91:0a,0.002612589,76.09999847,FALSE,0.004814621,FALSE,0.012445419,19.70000076
1594513710,b8:27:eb:bf:9d:51,0.005049959,51.1,FALSE,0.007755548,FALSE,0.020709852,22.6
1594513710,1c:bf:ce:15:ec:4d,0.004302587,77.90000153,TRUE,0.00690707,FALSE,0.018299006,27
1594513713,00:0f:00:70:91:0a,0.002656364,76,FALSE,0.004872844,FALSE,0.012606249,19.60000038
1594513714,b8:27:eb:bf:9d:51,0.005058744,51.1,FALSE,0.007765305,FALSE,0.020737684,22.5
1594513715,1c:bf:ce:15:ec:4d,0.004245145,77.90000153,TRUE,0.006840238,FALSE,0.018109938,27
1594513717,b8:27:eb:bf:9d:51,0.005058744,51.1,FALSE,0.007765305,FALSE,0.020737684,22.6
1594513719,00:0f:00:70:91:0a,0.002656364,76.19999695,FALSE,0.004872844,FALSE,0.012606249,19.70000076
1594513721,b8:27:eb:bf:9d:51,0.005033871,51.1,FALSE,0.007737666,FALSE,0.02065885,22.6
1594513722,1c:bf:ce:15:ec:4d,0.004237585,77.80000305,TRUE,0.006831423,FALSE,0.018085011,27
1594513723,00:0f:00:70:91:0a,0.002612589,76.30000305,FALSE,0.004814621,FALSE,0.012445419,19.70000076
1594513725,b8:27:eb:bf:9d:51,0.005049959,51.1,FALSE,0.007755548,FALSE,0.020709852,22.6
1594513727,1c:bf:ce:15:ec:4d,0.004268016,77.80000305,TRUE,0.006866877,FALSE,0.018185284,27
1594513728,00:0f:00:70:91:0a,0.002612589,76.19999695,FALSE,0.004814621,FALSE,0.012445419,19.70000076
1594513728,b8:27:eb:bf:9d:51,0.005073504,51.1,FALSE,0.007781689,FALSE,0.020784424,22.6
1594513731,1c:bf:ce:15:ec:4d,0.004341545,77.80000305,TRUE,0.006952255,FALSE,0.018426906,27
1594513732,00:0f:00:70:91:0a,0.002612589,76.19999695,FALSE,0.004814621,FALSE,0.012445419,19.70000076
1594513732,b8:27:eb:bf:9d:51,0.005036765,51.1,FALSE,0.007740884,FALSE,0.020668028,22.6
1594513736,00:0f:00:70:91:0a,0.002612589,76.30000305,FALSE,0.004814621,FALSE,0.012445419,19.70000076
1594513736,b8:27:eb:bf:9d:51,0.00506906,51,FALSE,0.007776758,FALSE,0.020770355,22.5
1594513739,b8:27:eb:bf:9d:51,0.005061681,51.1,FALSE,0.007768567,FALSE,0.020746988,22.6
1594513741,00:0f:00:70:91:0a,0.002656364,76.19999695,FALSE,0.004872844,FALSE,0.012606249,19.60000038
1594513743,b8:27:eb:bf:9d:51,0.005044092,51.1,FALSE,0.007749028,FALSE,0.020691255,22.6
1594513745,00:0f:00:70:91:0a,0.002656364,76.5,FALSE,0.004872844,FALSE,0.012606249,19.60000038
1594513747,b8:27:eb:bf:9d:51,0.005052864,51.1,FALSE,0.007758775,FALSE,0.020719057,22.6
1594513750,1c:bf:ce:15:ec:4d,0.004302587,77.59999847,TRUE,0.00690707,FALSE,0.018299006,27
1594513751,b8:27:eb:bf:9d:51,0.005051393,51.1,FALSE,0.007757141,FALSE,0.020714395,22.6
1594513754,1c:bf:ce:15:ec:4d,0.004302587,77.59999847,TRUE,0.00690707,FALSE,0.018299006,27
1594513754,b8:27:eb:bf:9d:51,0.005020762,51.1,FALSE,0.007723084,FALSE,0.020617265,22.6
1594513758,1c:bf:ce:15:ec:4d,0.004343508,77.59999847,TRUE,0.006954528,FALSE,0.018433343,27
1594513758,b8:27:eb:bf:9d:51,0.005035336,51.1,FALSE,0.007739296,FALSE,0.020663497,22.6
1594513760,00:0f:00:70:91:0a,0.002700983,76.09999847,FALSE,0.004931918,FALSE,0.012769561,19.70000076
1594513762,b8:27:eb:bf:9d:51,0.005051393,51.1,FALSE,0.007757141,FALSE,0.020714395,22.6
1594513762,1c:bf:ce:15:ec:4d,0.004245145,77.59999847,TRUE,0.006840238,FALSE,0.018109938,27
1594513765,00:0f:00:70:91:0a,0.002700983,76.09999847,FALSE,0.004931918,FALSE,0.012769561,19.70000076
1594513765,b8:27:eb:bf:9d:51,0.005055798,51.1,FALSE,0.007762034,FALSE,0.020728351,22.6
1594513766,1c:bf:ce:15:ec:4d,0.004245145,77.59999847,TRUE,0.006840238,FALSE,0.018109938,27
1594513769,b8:27:eb:bf:9d:51,0.005049922,51.1,FALSE,0.007755507,FALSE,0.020709734,22.6
1594513770,00:0f:00:70:91:0a,0.002627298,76,FALSE,0.004834214,FALSE,0.012499526,19.70000076
1594513772,1c:bf:ce:15:ec:4d,0.004333721,77.59999847,TRUE,0.006943189,FALSE,0.018401241,26.89999962
1594513773,b8:27:eb:bf:9d:51,0.005033871,51.1,FALSE,0.007737666,FALSE,0.02065885,22.6
1594513775,00:0f:00:70:91:0a,0.002612589,76.19999695,FALSE,0.004814621,FALSE,0.012445419,19.70000076
1594513776,b8:27:eb:bf:9d:51,0.00502953,51.1,FALSE,0.007732839,FALSE,0.020645083,22.6
1594513779,1c:bf:ce:15:ec:4d,0.004325914,77.69999695,TRUE,0.006934138,FALSE,0.018375619,27
